poison_quality,poison_roots,verify_rate,verify_policy,worker_p_accept_true,worker_p_accept_false,worker_D,worker_dprime,worker_auroc,planner_p_accept_true,planner_p_accept_false,planner_D,planner_dprime,planner_auroc,aggregation_gain,commit_rate,abstain_rate,mean_latency,rep,planner_D_baseline,planner_D_delta,commit_rate_baseline,commit_rate_delta
0.0,10,0.0,same,0.8453309338132373,0.15786842631473705,0.6874625074985002,2.019868864259803,0.92433152,0.9870259481037924,0.00499001996007984,0.9820359281437125,4.8035076938519055,0.999852,0.2945734206452123,0.993,0.007,0.0,0,0.9820359281437125,0.0,0.993,0.0
0.0,5,0.0,same,0.8453309338132373,0.15386922615476906,0.6914617076584683,2.036590745622345,0.9255984,0.9870259481037924,0.00499001996007984,0.9820359281437125,4.8035076938519055,0.999816,0.2905742204852443,0.99,0.01,0.0,0,0.9820359281437125,0.0,0.993,-0.0030000000000000027
0.0,2,0.0,same,0.8453309338132373,0.16166766646670666,0.6836632673465306,2.004238864152264,0.92115168,0.9870259481037924,0.03093812375249501,0.9560878243512974,4.09416907163128,0.997258,0.27242455700476675,0.96,0.04,0.0,0,0.9820359281437125,-0.02594810379241519,0.993,-0.03300000000000003
0.0,1,0.0,same,0.8453309338132373,0.16166766646670666,0.6836632673465306,2.004238864152264,0.92399544,0.9870259481037924,0.10079840319361277,0.8862275449101796,3.504002992532743,0.967602,0.20256427756364903,0.973,0.027,0.0,0,0.9820359281437125,-0.09580838323353291,0.993,-0.020000000000000018
0.0,10,0.0,different,0.8453309338132373,0.15786842631473705,0.6874625074985002,2.019868864259803,0.92433152,0.9870259481037924,0.00499001996007984,0.9820359281437125,4.8035076938519055,0.999852,0.2945734206452123,0.993,0.007,0.0,0,0.9820359281437125,0.0,0.993,0.0
0.0,5,0.0,different,0.8453309338132373,0.15386922615476906,0.6914617076584683,2.036590745622345,0.9255984,0.9870259481037924,0.00499001996007984,0.9820359281437125,4.8035076938519055,0.999816,0.2905742204852443,0.99,0.01,0.0,0,0.9820359281437125,0.0,0.993,-0.0030000000000000027
0.0,2,0.0,different,0.8453309338132373,0.16166766646670666,0.6836632673465306,2.004238864152264,0.92115168,0.9870259481037924,0.03093812375249501,0.9560878243512974,4.09416907163128,0.997258,0.27242455700476675,0.96,0.04,0.0,0,0.9820359281437125,-0.02594810379241519,0.993,-0.03300000000000003
0.0,1,0.0,different,0.8453309338132373,0.16166766646670666,0.6836632673465306,2.004238864152264,0.92399544,0.9870259481037924,0.10079840319361277,0.8862275449101796,3.504002992532743,0.967602,0.20256427756364903,0.973,0.027,0.0,0,0.9820359281437125,-0.09580838323353291,0.993,-0.020000000000000018
0.0,10,0.0,independent,0.8453309338132373,0.15786842631473705,0.6874625074985002,2.019868864259803,0.92433152,0.9870259481037924,0.00499001996007984,0.9820359281437125,4.8035076938519055,0.999852,0.2945734206452123,0.993,0.007,0.0,0,0.9820359281437125,0.0,0.993,0.0
0.0,5,0.0,independent,0.8453309338132373,0.15386922615476906,0.6914617076584683,2.036590745622345,0.9255984,0.9870259481037924,0.00499001996007984,0.9820359281437125,4.8035076938519055,0.999816,0.2905742204852443,0.99,0.01,0.0,0,0.9820359281437125,0.0,0.993,-0.0030000000000000027
0.0,2,0.0,independent,0.8453309338132373,0.16166766646670666,0.6836632673465306,2.004238864152264,0.92115168,0.9870259481037924,0.03093812375249501,0.9560878243512974,4.09416907163128,0.997258,0.27242455700476675,0.96,0.04,0.0,0,0.9820359281437125,-0.02594810379241519,0.993,-0.03300000000000003
0.0,1,0.0,independent,0.8453309338132373,0.16166766646670666,0.6836632673465306,2.004238864152264,0.92399544,0.9870259481037924,0.10079840319361277,0.8862275449101796,3.504002992532743,0.967602,0.20256427756364903,0.973,0.027,0.0,0,0.9820359281437125,-0.09580838323353291,0.993,-0.020000000000000018
0.0,10,0.5,same,0.8587282543491301,0.15086982603479304,0.7078584283143371,2.1073330893156443,0.93129924,0.9950099800399201,0.000998003992015968,0.9940119760479041,5.667345761629343,0.999996,0.28615354773356705,0.997,0.003,5.007,0,0.9940119760479041,0.0,0.997,0.0
0.0,5,0.5,same,0.8587282543491301,0.14587082583483305,0.7128574285142971,2.1289317335633093,0.9325004,0.9950099800399201,0.0029940119760479044,0.9920159680638723,5.324956574099938,0.999924,0.27915853954957515,0.991,0.009,5.007,0,0.9940119760479041,-0.001996007984031878,0.997,-0.006000000000000005
0.0,2,0.5,same,0.8587282543491301,0.15266946610677865,0.7060587882423515,2.099674538294061,0.92894784,0.9950099800399201,0.02694610778443114,0.968063872255489,4.504222013278292,0.997894,0.2620050840131375,0.961,0.039,5.007,0,0.9940119760479041,-0.02594810379241519,0.997,-0.03600000000000003
0.0,1,0.5,same,0.8587282543491301,0.14927014597080585,0.7094581083783242,2.1141919025546967,0.93183244,0.9950099800399201,0.10079840319361277,0.8942115768463074,3.8535355240553324,0.966416,0.18475346846798313,0.976,0.024,5.007,0,0.9940119760479041,-0.09980039920159678,0.997,-0.02100000000000002
0.0,10,0.5,different,0.8837232553489303,0.1226754649070186,0.7610477904419116,2.35552274756696,0.95166276,0.9890219560878244,0.000998003992015968,0.9880239520958084,5.38195233149801,0.99998,0.22697616165389678,0.993,0.007,5.007,0,0.9880239520958084,0.0,0.993,0.0
0.0,5,0.5,different,0.8837232553489303,0.1200759848030394,0.7636472705458909,2.3684139875957992,0.95250084,0.9890219560878244,0.006986027944111776,0.9820359281437127,4.749107700669685,0.9997,0.21838865759782178,0.99,0.01,5.007,0,0.9880239520958084,-0.0059880239520957446,0.993,-0.0030000000000000027
0.0,2,0.5,different,0.8837232553489303,0.131873625274945,0.7518496300739852,2.3113850014674213,0.94644912,0.9890219560878244,0.03293413173652695,0.9560878243512975,4.130445795360201,0.99746,0.20423819427731227,0.977,0.023,5.007,0,0.9880239520958084,-0.031936127744510934,0.993,-0.016000000000000014
0.0,1,0.5,different,0.8837232553489303,0.14927014597080585,0.7344531093781244,2.233375729046676,0.94277332,0.9890219560878244,0.10079840319361277,0.8882235528942116,3.568142093923999,0.971088,0.15377044351608726,0.973,0.027,5.007,0,0.9880239520958084,-0.09980039920159678,0.993,-0.020000000000000018
0.0,10,0.5,independent,0.878124375124975,0.11707658468306338,0.7610477904419116,2.355390077506255,0.95117404,0.9950099800399201,0.000998003992015968,0.9940119760479041,5.667345761629343,1.0,0.23296418560599252,0.998,0.002,5.007,0,0.9940119760479041,0.0,0.998,0.0
0.0,5,0.5,independent,0.878124375124975,0.1174765046990602,0.7606478704259148,2.353358187555811,0.95156624,0.9950099800399201,0.000998003992015968,0.9940119760479041,5.667345761629343,0.999992,0.2333641056219894,0.996,0.004,5.007,0,0.9940119760479041,0.0,0.998,-0.0020000000000000018
0.0,2,0.5,independent,0.878124375124975,0.11607678464307139,0.7620475904819036,2.36049141497577,0.94947968,0.9950099800399201,0.010978043912175649,0.9840319361277445,4.86764679524316,0.999486,0.2219843456458409,0.987,0.013,5.007,0,0.9940119760479041,-0.009980039920159611,0.998,-0.01100000000000001
0.0,1,0.5,independent,0.878124375124975,0.11627674465106978,0.7618476304739052,2.3594686612050992,0.95175584,0.9950099800399201,0.04890219560878244,0.9461077844311377,4.232112508201971,0.995354,0.1842601539572325,0.982,0.018,5.007,0,0.9940119760479041,-0.0479041916167664,0.998,-0.016000000000000014
0.0,10,1.0,same,0.8695260947810438,0.13727254549090182,0.732253549290142,2.21680922618528,0.93921504,0.9970059880239521,0.000998003992015968,0.9960079840319361,5.839262110354792,0.999996,0.26375443474179416,0.997,0.003,10.0,0,0.9960079840319361,0.0,0.997,0.0
0.0,5,1.0,same,0.8695260947810438,0.132873425314937,0.7366526694661069,2.2370642851862117,0.94004668,0.9970059880239521,0.0029940119760479044,0.9940119760479043,5.496872922825387,0.999968,0.2573593065817974,0.993,0.007,10.0,0,0.9960079840319361,-0.001996007984031878,0.997,-0.0040000000000000036
0.0,2,1.0,same,0.8695260947810438,0.14527094581083783,0.724255148970206,2.1810873420418004,0.93695896,0.9970059880239521,0.02694610778443114,0.9700598802395209,4.676138362003741,0.99762,0.2458047312693149,0.958,0.042,10.0,0,0.9960079840319361,-0.02594810379241519,0.997,-0.039000000000000035
0.0,1,1.0,same,0.8695260947810438,0.1362727454509098,0.733253349330134,2.221373148393927,0.93925712,0.9970059880239521,0.1027944111776447,0.8942115768463075,4.014224936407779,0.964518,0.1609582275161735,0.985,0.015,10.0,0,0.9960079840319361,-0.10179640718562866,0.997,-0.01200000000000001
0.0,10,1.0,different,0.9187162567486503,0.07868426314737052,0.8400319936012798,2.8104657904170107,0.9774994,0.9910179640718563,0.000998003992015968,0.9900199600798403,5.457183488420801,0.999992,0.1499879664785605,0.995,0.005,10.0,0,0.9900199600798403,0.0,0.995,0.0
0.0,5,1.0,different,0.9187162567486503,0.07948410317936412,0.8392321535692862,2.8050385728361897,0.97735916,0.9910179640718563,0.00499001996007984,0.9860279441117764,4.942877952165953,0.999826,0.14679579054249026,0.993,0.007,10.0,0,0.9900199600798403,-0.003992015968063867,0.995,-0.0020000000000000018
0.0,2,1.0,different,0.9187162567486503,0.10607878424315137,0.812637472505499,2.644142964763139,0.96943448,0.9910179640718563,0.028942115768463075,0.9620758483033932,4.262931485669279,0.997878,0.1494383757978942,0.979,0.021,10.0,0,0.9900199600798403,-0.027944111776447067,0.995,-0.016000000000000014
0.0,1,1.0,different,0.9187162567486503,0.1362727454509098,0.7824435112977405,2.4937077580187834,0.95916972,0.9910179640718563,0.1027944111776447,0.8882235528942115,3.632146314473788,0.974084,0.10578004159647103,0.982,0.018,10.0,0,0.9900199600798403,-0.10179640718562877,0.995,-0.013000000000000012
0.0,10,1.0,independent,0.9129174165166967,0.07888422315536893,0.8340331933613278,2.7715581067755783,0.97614996,0.9930139720558883,0.000998003992015968,0.9920159680638723,5.548806667055868,1.0,0.15798277470254452,0.997,0.003,10.0,0,0.9920159680638723,0.0,0.997,0.0
0.0,5,1.0,independent,0.9129174165166967,0.07948410317936412,0.8334333133373325,2.767491596839989,0.97653036,0.9930139720558883,0.000998003992015968,0.9920159680638723,5.548806667055868,1.0,0.15858265472653976,0.997,0.003,10.0,0,0.9920159680638723,0.0,0.997,0.0
0.0,2,1.0,independent,0.9129174165166967,0.07968406318736253,0.8332333533293341,2.7661412565212773,0.97575352,0.9930139720558883,0.000998003992015968,0.9920159680638723,5.548806667055868,0.999994,0.15878261473453814,0.996,0.004,10.0,0,0.9920159680638723,0.0,0.997,-0.0010000000000000009
0.0,1,1.0,independent,0.9129174165166967,0.07908418316336732,0.8338332333533294,2.770200009610213,0.97651656,0.9930139720558883,0.008982035928143712,0.9840319361277445,4.824338857592479,0.999858,0.15019870277441516,0.991,0.009,10.0,0,0.9920159680638723,-0.007984031936127733,0.997,-0.006000000000000005
0.3,10,0.0,same,0.762747450509898,0.2406518696260748,0.5220955808838232,1.4193754416034654,0.84369088,0.9331337325349301,0.010978043912175649,0.9221556886227545,3.7906707907953257,0.994342,0.4000601077389313,0.946,0.054,0.0,0,0.9221556886227545,0.0,0.946,0.0
0.3,5,0.0,same,0.762747450509898,0.24085182963407317,0.5218956208758249,1.4187333160920572,0.844986,0.9331337325349301,0.022954091816367265,0.9101796407185628,3.495780632111342,0.990508,0.38828401984273797,0.937,0.063,0.0,0,0.9221556886227545,-0.011976047904191711,0.946,-0.008999999999999897
0.3,2,0.0,same,0.762747450509898,0.2488502299540092,0.5138972205558888,1.393280579283012,0.83757216,0.9331337325349301,0.08283433133732535,0.8502994011976048,2.8858003851152603,0.965812,0.336402180641716,0.905,0.095,0.0,0,0.9221556886227545,-0.07185628742514971,0.946,-0.040999999999999925
0.3,1,0.0,same,0.762747450509898,0.245250949810038,0.51749650069986,1.4046789953615577,0.84122848,0.9331337325349301,0.18463073852295409,0.7485029940119761,2.39740169835307,0.895616,0.2310064933121161,0.945,0.055,0.0,0,0.9221556886227545,-0.17365269461077848,0.946,-0.0010000000000000009
0.3,10,0.0,different,0.762747450509898,0.2406518696260748,0.5220955808838232,1.4193754416034654,0.84369088,0.9331337325349301,0.010978043912175649,0.9221556886227545,3.7906707907953257,0.994342,0.4000601077389313,0.946,0.054,0.0,0,0.9221556886227545,0.0,0.946,0.0
0.3,5,0.0,different,0.762747450509898,0.24085182963407317,0.5218956208758249,1.4187333160920572,0.844986,0.9331337325349301,0.022954091816367265,0.9101796407185628,3.495780632111342,0.990508,0.38828401984273797,0.937,0.063,0.0,0,0.9221556886227545,-0.011976047904191711,0.946,-0.008999999999999897
0.3,2,0.0,different,0.762747450509898,0.2488502299540092,0.5138972205558888,1.393280579283012,0.83757216,0.9331337325349301,0.08283433133732535,0.8502994011976048,2.8858003851152603,0.965812,0.336402180641716,0.905,0.095,0.0,0,0.9221556886227545,-0.07185628742514971,0.946,-0.040999999999999925
0.3,1,0.0,different,0.762747450509898,0.245250949810038,0.51749650069986,1.4046789953615577,0.84122848,0.9331337325349301,0.18463073852295409,0.7485029940119761,2.39740169835307,0.895616,0.2310064933121161,0.945,0.055,0.0,0,0.9221556886227545,-0.17365269461077848,0.946,-0.0010000000000000009
0.3,10,0.0,independent,0.762747450509898,0.2406518696260748,0.5220955808838232,1.4193754416034654,0.84369088,0.9331337325349301,0.010978043912175649,0.9221556886227545,3.7906707907953257,0.994342,0.4000601077389313,0.946,0.054,0.0,0,0.9221556886227545,0.0,0.946,0.0
0.3,5,0.0,independent,0.762747450509898,0.24085182963407317,0.5218956208758249,1.4187333160920572,0.844986,0.9331337325349301,0.022954091816367265,0.9101796407185628,3.495780632111342,0.990508,0.38828401984273797,0.937,0.063,0.0,0,0.9221556886227545,-0.011976047904191711,0.946,-0.008999999999999897
0.3,2,0.0,independent,0.762747450509898,0.2488502299540092,0.5138972205558888,1.393280579283012,0.83757216,0.9331337325349301,0.08283433133732535,0.8502994011976048,2.8858003851152603,0.965812,0.336402180641716,0.905,0.095,0.0,0,0.9221556886227545,-0.07185628742514971,0.946,-0.040999999999999925
0.3,1,0.0,independent,0.762747450509898,0.245250949810038,0.51749650069986,1.4046789953615577,0.84122848,0.9331337325349301,0.18463073852295409,0.7485029940119761,2.39740169835307,0.895616,0.2310064933121161,0.945,0.055,0.0,0,0.9221556886227545,-0.17365269461077848,0.946,-0.0010000000000000009
0.3,10,0.5,same,0.7741451709658068,0.23785242951409719,0.5362927414517096,1.4657955401248506,0.85140128,0.9491017964071856,0.008982035928143712,0.9401197604790419,4.002564192923785,0.995508,0.4038270190273323,0.954,0.046,5.007,0,0.9401197604790419,0.0,0.954,0.0
0.3,5,0.5,same,0.7741451709658068,0.23505298940211958,0.5390921815636872,1.4748744533047973,0.85307996,0.9491017964071856,0.0249500998003992,0.9241516966067864,3.597024849824098,0.991108,0.3850595150430992,0.943,0.057,5.007,0,0.9401197604790419,-0.015968063872255467,0.954,-0.01100000000000001
0.3,2,0.5,same,0.7741451709658068,0.24545090981803638,0.5286942611477704,1.4414430055752014,0.84632568,0.9491017964071856,0.09081836327345309,0.8582834331337326,2.971938841307563,0.965032,0.32958917198596216,0.91,0.09,5.007,0,0.9401197604790419,-0.08183632734530932,0.954,-0.04399999999999993
0.3,1,0.5,same,0.7741451709658068,0.23825234953009397,0.5358928214357128,1.4645033556985245,0.85032968,0.9491017964071856,0.1966067864271457,0.7524950099800399,2.490010398479629,0.891682,0.2166021885443271,0.959,0.041,5.007,0,0.9401197604790419,-0.18762475049900196,0.954,0.0050000000000000044
0.3,10,0.5,different,0.8049390121975605,0.20345930813837232,0.6014797040591882,1.6887245612440211,0.879882,0.9530938123752495,0.016966067864271458,0.936127744510978,3.7964986204197357,0.996922,0.33464804045178986,0.964,0.036,5.007,0,0.936127744510978,0.0,0.964,0.0
0.3,5,0.5,different,0.8049390121975605,0.1962607478504299,0.6086782643471306,1.7144497446641969,0.881419,0.9530938123752495,0.03093812375249501,0.9221556886227544,3.542802885926858,0.993242,0.31347742427562386,0.964,0.036,5.007,0,0.936127744510978,-0.013972055888223589,0.964,0.0
0.3,2,0.5,different,0.8049390121975605,0.22285542891421717,0.5820835832833433,1.6219813078405845,0.87101584,0.9530938123752495,0.11277445109780439,0.8403193612774451,2.8875259926203993,0.968186,0.2582357779941018,0.948,0.052,5.007,0,0.936127744510978,-0.09580838323353291,0.964,-0.016000000000000014
0.3,1,0.5,different,0.8049390121975605,0.23825234953009397,0.5666866626674665,1.5713317120832109,0.86471296,0.9530938123752495,0.1966067864271457,0.7564870259481038,2.529425440494786,0.903662,0.18980036328063732,0.958,0.042,5.007,0,0.936127744510978,-0.17964071856287422,0.964,-0.006000000000000005
0.3,10,0.5,independent,0.8003399320135973,0.19866026794641073,0.6016796640671866,1.689252385413293,0.87870244,0.969061876247505,0.000998003992015968,0.968063872255489,4.958007139408717,0.999244,0.3663842081883023,0.979,0.021,5.007,0,0.968063872255489,0.0,0.979,0.0
0.3,5,0.5,independent,0.8003399320135973,0.20225954809038194,0.5980803839232154,1.6764135854159554,0.87869924,0.969061876247505,0.010978043912175649,0.9580838323353293,4.158308173022534,0.998164,0.36000344841211396,0.971,0.029,5.007,0,0.968063872255489,-0.009980039920159611,0.979,-0.008000000000000007
0.3,2,0.5,independent,0.8003399320135973,0.20405918816236754,0.5962807438512298,1.6700454774738454,0.87457792,0.969061876247505,0.05289421157684631,0.9161676646706587,3.4845979130082547,0.989444,0.31988692081942893,0.958,0.042,5.007,0,0.968063872255489,-0.05189620758483027,0.979,-0.02100000000000002
0.3,1,0.5,independent,0.8003399320135973,0.20785842831433712,0.5924815036992602,1.6567105517447,0.87779672,0.969061876247505,0.11277445109780439,0.8562874251497006,3.079086087626785,0.958054,0.26380592145044035,0.954,0.046,5.007,0,0.968063872255489,-0.11177644710578838,0.979,-0.025000000000000022
0.3,10,1.0,same,0.7843431313737252,0.22745450909818035,0.5568886222755449,1.5342016041543205,0.861052,0.9590818363273453,0.014970059880239521,0.9441117764471059,3.9110108881462917,0.996906,0.38722315417156095,0.957,0.043,10.0,0,0.9441117764471059,0.0,0.957,0.0
0.3,5,1.0,same,0.7843431313737252,0.22505498900219956,0.5592881423715257,1.5421772459374037,0.86254256,0.9590818363273453,0.03493013972055888,0.9241516966067864,3.5529447577156255,0.992834,0.36486355423526073,0.954,0.046,10.0,0,0.9441117764471059,-0.019960079840319445,0.957,-0.0030000000000000027
0.3,2,1.0,same,0.7843431313737252,0.23825234953009397,0.5460907818436312,1.4988810874118466,0.85556868,0.9590818363273453,0.0968063872255489,0.8622754491017964,3.0400947945771017,0.965024,0.3161846672581652,0.912,0.088,10.0,0,0.9441117764471059,-0.08183632734530943,0.957,-0.04499999999999993
0.3,1,1.0,same,0.7843431313737252,0.22985402919416117,0.554489102179564,1.5262732152386134,0.85963136,0.9590818363273453,0.19461077844311378,0.7644710578842315,2.601159171688709,0.883054,0.2099819557046675,0.965,0.035,10.0,0,0.9441117764471059,-0.17964071856287434,0.957,0.008000000000000007
0.3,10,1.0,different,0.8425314937012598,0.16126774645070985,0.68126374725055,1.9941775284818295,0.91936344,0.9650698602794411,0.012974051896207584,0.9520958083832335,4.039803100956703,0.997894,0.27083206113268354,0.975,0.025,10.0,0,0.9520958083832335,0.0,0.975,0.0
0.3,5,1.0,different,0.8425314937012598,0.15506898620275944,0.6874625074985004,2.0198491633039266,0.91950752,0.9650698602794411,0.022954091816367265,0.9421157684630738,3.809052043663973,0.995376,0.2546532609645734,0.975,0.025,10.0,0,0.9520958083832335,-0.009980039920159722,0.975,0.0
0.3,2,1.0,different,0.8425314937012598,0.1980603879224155,0.6444711057788443,1.8534862906662017,0.90361104,0.9650698602794411,0.11676646706586827,0.8483033932135728,3.0041229090581187,0.966918,0.2038322874347286,0.961,0.039,10.0,0,0.9520958083832335,-0.10379241516966065,0.975,-0.014000000000000012
0.3,1,1.0,different,0.8425314937012598,0.22985402919416117,0.6126774645070986,1.7442442537733474,0.88646012,0.9650698602794411,0.19461077844311378,0.7704590818363273,2.6738454535571736,0.905864,0.15778161732922868,0.971,0.029,10.0,0,0.9520958083832335,-0.1816367265469062,0.975,-0.0040000000000000036
0.3,10,1.0,independent,0.8371325734853029,0.16366726654669067,0.6734653069386123,1.9622380214958624,0.9154548,0.9810379241516967,0.00499001996007984,0.9760479041916168,4.65219368589106,0.999612,0.3025825972530045,0.989,0.011,10.0,0,0.9760479041916168,0.0,0.989,0.0
0.3,5,1.0,independent,0.8371325734853029,0.16686662667466506,0.6702659468106378,1.9493627073145703,0.91578556,0.9810379241516967,0.00499001996007984,0.9760479041916168,4.65219368589106,0.999476,0.305781957380979,0.983,0.017,10.0,0,0.9760479041916168,0.0,0.989,-0.006000000000000005
0.3,2,1.0,independent,0.8371325734853029,0.16726654669066188,0.669866026794641,1.947764545093331,0.91349576,0.9810379241516967,0.014970059880239521,0.9660678642714572,4.246555223426524,0.997962,0.29620183747681617,0.974,0.026,10.0,0,0.9760479041916168,-0.009980039920159611,0.989,-0.015000000000000013
0.3,1,1.0,independent,0.8371325734853029,0.16806638672265548,0.6690661867626474,1.944575592016096,0.91585128,0.9810379241516967,0.05688622754491018,0.9241516966067865,3.657135511371178,0.992436,0.25508550984413914,0.976,0.024,10.0,0,0.9760479041916168,-0.05189620758483027,0.989,-0.013000000000000012
0.6,10,0.0,same,0.6601679664067187,0.33943211357728453,0.3207358528294342,0.8269350737902408,0.72065288,0.7654690618762475,0.09281437125748503,0.6726546906187625,2.0476279015130796,0.928388,0.3519188377893283,0.864,0.136,0.0,0,0.6726546906187625,0.0,0.864,0.0
0.6,5,0.0,same,0.6601679664067187,0.34283143371325736,0.31733653269346135,0.8176694310659693,0.72162676,0.7654690618762475,0.11077844311377245,0.654690618762475,1.9464049971601383,0.909262,0.3373540860690137,0.854,0.146,0.0,0,0.6726546906187625,-0.017964071856287456,0.864,-0.010000000000000009
0.6,2,0.0,same,0.6601679664067187,0.35902819436112776,0.30113977204559095,0.7739791832315162,0.71079652,0.7654690618762475,0.1906187624750499,0.5748502994011976,1.599624674776466,0.843738,0.27371052735560664,0.828,0.172,0.0,0,0.6726546906187625,-0.0978043912175649,0.864,-0.03600000000000003
0.6,1,0.0,same,0.6601679664067187,0.35382923415316936,0.30633873225354935,0.7879242704738374,0.71563108,0.7654690618762475,0.3023952095808383,0.4630738522954092,1.2415302862478308,0.753148,0.15673512004185985,0.892,0.108,0.0,0,0.6726546906187625,-0.20958083832335328,0.864,0.028000000000000025
0.6,10,0.0,different,0.6601679664067187,0.33943211357728453,0.3207358528294342,0.8269350737902408,0.72065288,0.7654690618762475,0.09281437125748503,0.6726546906187625,2.0476279015130796,0.928388,0.3519188377893283,0.864,0.136,0.0,0,0.6726546906187625,0.0,0.864,0.0
0.6,5,0.0,different,0.6601679664067187,0.34283143371325736,0.31733653269346135,0.8176694310659693,0.72162676,0.7654690618762475,0.11077844311377245,0.654690618762475,1.9464049971601383,0.909262,0.3373540860690137,0.854,0.146,0.0,0,0.6726546906187625,-0.017964071856287456,0.864,-0.010000000000000009
0.6,2,0.0,different,0.6601679664067187,0.35902819436112776,0.30113977204559095,0.7739791832315162,0.71079652,0.7654690618762475,0.1906187624750499,0.5748502994011976,1.599624674776466,0.843738,0.27371052735560664,0.828,0.172,0.0,0,0.6726546906187625,-0.0978043912175649,0.864,-0.03600000000000003
0.6,1,0.0,different,0.6601679664067187,0.35382923415316936,0.30633873225354935,0.7879242704738374,0.71563108,0.7654690618762475,0.3023952095808383,0.4630738522954092,1.2415302862478308,0.753148,0.15673512004185985,0.892,0.108,0.0,0,0.6726546906187625,-0.20958083832335328,0.864,0.028000000000000025
0.6,10,0.0,independent,0.6601679664067187,0.33943211357728453,0.3207358528294342,0.8269350737902408,0.72065288,0.7654690618762475,0.09281437125748503,0.6726546906187625,2.0476279015130796,0.928388,0.3519188377893283,0.864,0.136,0.0,0,0.6726546906187625,0.0,0.864,0.0
0.6,5,0.0,independent,0.6601679664067187,0.34283143371325736,0.31733653269346135,0.8176694310659693,0.72162676,0.7654690618762475,0.11077844311377245,0.654690618762475,1.9464049971601383,0.909262,0.3373540860690137,0.854,0.146,0.0,0,0.6726546906187625,-0.017964071856287456,0.864,-0.010000000000000009
0.6,2,0.0,independent,0.6601679664067187,0.35902819436112776,0.30113977204559095,0.7739791832315162,0.71079652,0.7654690618762475,0.1906187624750499,0.5748502994011976,1.599624674776466,0.843738,0.27371052735560664,0.828,0.172,0.0,0,0.6726546906187625,-0.0978043912175649,0.864,-0.03600000000000003
0.6,1,0.0,independent,0.6601679664067187,0.35382923415316936,0.30633873225354935,0.7879242704738374,0.71563108,0.7654690618762475,0.3023952095808383,0.4630738522954092,1.2415302862478308,0.753148,0.15673512004185985,0.892,0.108,0.0,0,0.6726546906187625,-0.20958083832335328,0.864,0.028000000000000025
0.6,10,0.5,same,0.6685662867426515,0.34083183363327335,0.32773445310937815,0.8461516567236604,0.72602272,0.7854291417165669,0.09281437125748503,0.6926147704590818,2.1142828277108623,0.926802,0.36488031734970366,0.873,0.127,5.007,0,0.6926147704590818,0.0,0.873,0.0
0.6,5,0.5,same,0.6685662867426515,0.34083183363327335,0.32773445310937815,0.8461516567236604,0.72753568,0.7854291417165669,0.11676646706586827,0.6686626746506986,1.9819686009572517,0.909666,0.34092822154132046,0.862,0.138,5.007,0,0.6926147704590818,-0.0239520958083832,0.873,-0.01100000000000001
0.6,2,0.5,same,0.6685662867426515,0.357628474305139,0.3109378124375125,0.8007627232707789,0.71668368,0.7854291417165669,0.1966067864271457,0.5888223552894212,1.6444652567257276,0.841802,0.27788454285190867,0.841,0.159,5.007,0,0.6926147704590818,-0.10379241516966065,0.873,-0.03200000000000003
0.6,1,0.5,same,0.6685662867426515,0.35702859428114375,0.31153769246150775,0.8023703321926282,0.72189912,0.7854291417165669,0.3143712574850299,0.47105788423153694,1.2741587391153324,0.74378,0.15952019177002918,0.907,0.093,5.007,0,0.6926147704590818,-0.22155688622754488,0.873,0.03400000000000003
0.6,10,0.5,different,0.6929614077184563,0.3174365126974605,0.3755248950209958,0.9791414049559714,0.75222952,0.8213572854291418,0.09880239520958084,0.7225548902195609,2.2089556342083307,0.930796,0.3470299951985651,0.901,0.099,5.007,0,0.7225548902195609,0.0,0.901,0.0
0.6,5,0.5,different,0.6929614077184563,0.3184363127374525,0.3745250949810038,0.976338015189216,0.75454896,0.8213572854291418,0.1187624750499002,0.7025948103792415,2.101745774962449,0.918428,0.32806971539823776,0.893,0.107,5.007,0,0.7225548902195609,-0.019960079840319334,0.901,-0.008000000000000007
0.6,2,0.5,different,0.6929614077184563,0.33823235352929415,0.3547290541891621,0.9215543123952015,0.74002424,0.8213572854291418,0.23053892215568864,0.5908183632734532,1.6576231628889873,0.84949,0.23608930908429104,0.916,0.084,5.007,0,0.7225548902195609,-0.1317365269461077,0.901,0.015000000000000013
0.6,1,0.5,different,0.6929614077184563,0.35702859428114375,0.3359328134373125,0.8706747724416994,0.73455676,0.8213572854291418,0.3143712574850299,0.5069860279441119,1.4040475042076925,0.757448,0.17105321450679933,0.931,0.069,5.007,0,0.7225548902195609,-0.21556886227544902,0.901,0.030000000000000027
0.6,10,0.5,independent,0.6987602479504099,0.3198360327934413,0.3789242151569686,0.988995534739797,0.74971716,0.8313373253493014,0.0688622754491018,0.7624750499001995,2.4437814991102087,0.956284,0.38355083474323093,0.879,0.121,5.007,0,0.7624750499001995,0.0,0.879,0.0
0.6,5,0.5,independent,0.6987602479504099,0.32263547290541894,0.376124775044991,0.9811799187036168,0.7491518,0.8313373253493014,0.09481037924151696,0.7365269461077845,2.2711652315639856,0.944912,0.3604021710627935,0.876,0.124,5.007,0,0.7624750499001995,-0.025948103792415078,0.879,-0.0030000000000000027
0.6,2,0.5,independent,0.6987602479504099,0.340631873625275,0.35812837432513495,0.9315774235204846,0.74127964,0.8313373253493014,0.17465069860279442,0.656686626746507,1.8954086117400712,0.899062,0.2985582524213721,0.877,0.123,5.007,0,0.7624750499001995,-0.10578842315369252,0.879,-0.0020000000000000018
0.6,1,0.5,independent,0.6987602479504099,0.33003399320135973,0.3687262547490502,0.9606574815102161,0.7457524,0.8313373253493014,0.25249500998003993,0.5788423153692615,1.626122326780026,0.83873,0.21011606062021126,0.903,0.097,5.007,0,0.7624750499001995,-0.1836327345309381,0.879,0.02400000000000002
0.6,10,1.0,same,0.670365926814637,0.3358328334333133,0.3345330933813237,0.8647869086237037,0.73326084,0.7734530938123753,0.08682634730538923,0.6866267465069861,2.1108274366692497,0.930712,0.3520936531256624,0.869,0.131,10.0,0,0.6866267465069861,0.0,0.869,0.0
0.6,5,1.0,same,0.670365926814637,0.3338332333533293,0.3365326934613077,0.8702766653283566,0.73501456,0.7734530938123753,0.11277445109780439,0.6606786427145709,1.962171765043058,0.912528,0.3241459492532632,0.856,0.144,10.0,0,0.6866267465069861,-0.02594810379241519,0.869,-0.013000000000000012
0.6,2,1.0,same,0.670365926814637,0.35142971405718854,0.3189362127574485,0.8223872178526208,0.72326808,0.7734530938123753,0.2025948103792415,0.5708582834331337,1.5826557925396174,0.836324,0.25192207067568523,0.829,0.171,10.0,0,0.6866267465069861,-0.11576846307385236,0.869,-0.040000000000000036
0.6,1,1.0,same,0.670365926814637,0.34723055388922214,0.3231353729254149,0.8337320770913201,0.7289676,0.7734530938123753,0.3063872255489022,0.46706586826347307,1.2563842618630088,0.736908,0.14393049533805818,0.899,0.101,10.0,0,0.6866267465069861,-0.219560878243513,0.869,0.030000000000000027
0.6,10,1.0,different,0.71375724855029,0.28784243151369726,0.42591481703659273,1.1240936175895448,0.78925396,0.8213572854291418,0.08882235528942116,0.7325349301397206,2.268592486127303,0.93913,0.30662011310312787,0.9,0.1,10.0,0,0.7325349301397206,0.0,0.9,0.0
0.6,5,1.0,different,0.71375724855029,0.2944411117776445,0.4193161367726455,1.1048513037662633,0.790234,0.8213572854291418,0.13273453093812376,0.688622754491018,2.03410749024183,0.920926,0.26930661771837244,0.894,0.106,10.0,0,0.7325349301397206,-0.043912175648702645,0.9,-0.006000000000000005
0.6,2,1.0,different,0.71375724855029,0.3188362327534493,0.3949210157968407,1.0353503288942485,0.76792276,0.8213572854291418,0.24251497005988024,0.5788423153692616,1.6187854587089063,0.843594,0.18392129957242087,0.921,0.079,10.0,0,0.7325349301397206,-0.15369261477045904,0.9,0.02100000000000002
0.6,1,1.0,different,0.71375724855029,0.34723055388922214,0.36652669466106785,0.9572030160828895,0.75216528,0.8213572854291418,0.3063872255489022,0.5149700598802396,1.4266670707636524,0.759262,0.14844336521917173,0.922,0.078,10.0,0,0.7325349301397206,-0.217564870259481,0.9,0.02200000000000002
0.6,10,1.0,independent,0.7183563287342531,0.3020395920815837,0.41631673665266944,1.096509007727796,0.78083208,0.875249500998004,0.05289421157684631,0.8223552894211578,2.7689786806151515,0.968572,0.4060385527684883,0.895,0.105,10.0,0,0.8223552894211578,0.0,0.895,0.0
0.6,5,1.0,independent,0.7183563287342531,0.2976404719056189,0.42071585682863427,1.1091645190350796,0.781132,0.875249500998004,0.06087824351297405,0.8143712574850299,2.6990051425026174,0.964992,0.39365540065639565,0.9,0.1,10.0,0,0.8223552894211578,-0.007984031936127844,0.895,0.0050000000000000044
0.6,2,1.0,independent,0.7183563287342531,0.3046390721855629,0.41371725654869024,1.0890697323493266,0.77592188,0.875249500998004,0.12674650698602793,0.7485029940119761,2.293468451492143,0.944562,0.3347857374632858,0.902,0.098,10.0,0,0.8223552894211578,-0.0738522954091817,0.895,0.007000000000000006
0.6,1,1.0,independent,0.7183563287342531,0.2912417516496701,0.42711457708458306,1.127726323070756,0.78062904,0.875249500998004,0.16467065868263472,0.7105788423153693,2.1270037362868095,0.912394,0.2834642652307862,0.918,0.082,10.0,0,0.8223552894211578,-0.11177644710578849,0.895,0.02300000000000002
0.9,10,0.0,same,0.5447910417916416,0.4554089182163567,0.08938212357528491,0.224518443760219,0.56340836,0.5079840319361277,0.2744510978043912,0.23353293413173654,0.6194203081931839,0.653888,0.14415081055645163,0.784,0.216,0.0,0,0.23353293413173654,0.0,0.784,0.0
0.9,5,0.0,same,0.5447910417916416,0.46040791841631673,0.08438312337532489,0.21191752225611593,0.56426068,0.5079840319361277,0.31037924151696605,0.19760479041916168,0.5147900025003586,0.635468,0.1132216670438368,0.803,0.197,0.0,0,0.23353293413173654,-0.035928143712574856,0.784,0.019000000000000017
0.9,2,0.0,same,0.5447910417916416,0.4756048790241952,0.06918616276744644,0.17369907765071646,0.55085368,0.5079840319361277,0.38023952095808383,0.1277445109780439,0.32486611722090225,0.583702,0.058558348210597466,0.803,0.197,0.0,0,0.23353293413173654,-0.10578842315369263,0.784,0.019000000000000017
0.9,1,0.0,same,0.5447910417916416,0.46960607878424315,0.07518496300739846,0.1887715330119346,0.55698004,0.5079840319361277,0.4421157684630739,0.06586826347305386,0.16562146901326086,0.558528,-0.009316699534344608,0.868,0.132,0.0,0,0.23353293413173654,-0.16766467065868268,0.784,0.08399999999999996
0.9,10,0.0,different,0.5447910417916416,0.4554089182163567,0.08938212357528491,0.224518443760219,0.56340836,0.5079840319361277,0.2744510978043912,0.23353293413173654,0.6194203081931839,0.653888,0.14415081055645163,0.784,0.216,0.0,0,0.23353293413173654,0.0,0.784,0.0
0.9,5,0.0,different,0.5447910417916416,0.46040791841631673,0.08438312337532489,0.21191752225611593,0.56426068,0.5079840319361277,0.31037924151696605,0.19760479041916168,0.5147900025003586,0.635468,0.1132216670438368,0.803,0.197,0.0,0,0.23353293413173654,-0.035928143712574856,0.784,0.019000000000000017
0.9,2,0.0,different,0.5447910417916416,0.4756048790241952,0.06918616276744644,0.17369907765071646,0.55085368,0.5079840319361277,0.38023952095808383,0.1277445109780439,0.32486611722090225,0.583702,0.058558348210597466,0.803,0.197,0.0,0,0.23353293413173654,-0.10578842315369263,0.784,0.019000000000000017
0.9,1,0.0,different,0.5447910417916416,0.46960607878424315,0.07518496300739846,0.1887715330119346,0.55698004,0.5079840319361277,0.4421157684630739,0.06586826347305386,0.16562146901326086,0.558528,-0.009316699534344608,0.868,0.132,0.0,0,0.23353293413173654,-0.16766467065868268,0.784,0.08399999999999996
0.9,10,0.0,independent,0.5447910417916416,0.4554089182163567,0.08938212357528491,0.224518443760219,0.56340836,0.5079840319361277,0.2744510978043912,0.23353293413173654,0.6194203081931839,0.653888,0.14415081055645163,0.784,0.216,0.0,0,0.23353293413173654,0.0,0.784,0.0
0.9,5,0.0,independent,0.5447910417916416,0.46040791841631673,0.08438312337532489,0.21191752225611593,0.56426068,0.5079840319361277,0.31037924151696605,0.19760479041916168,0.5147900025003586,0.635468,0.1132216670438368,0.803,0.197,0.0,0,0.23353293413173654,-0.035928143712574856,0.784,0.019000000000000017
0.9,2,0.0,independent,0.5447910417916416,0.4756048790241952,0.06918616276744644,0.17369907765071646,0.55085368,0.5079840319361277,0.38023952095808383,0.1277445109780439,0.32486611722090225,0.583702,0.058558348210597466,0.803,0.197,0.0,0,0.23353293413173654,-0.10578842315369263,0.784,0.019000000000000017
0.9,1,0.0,independent,0.5447910417916416,0.46960607878424315,0.07518496300739846,0.1887715330119346,0.55698004,0.5079840319361277,0.4421157684630739,0.06586826347305386,0.16562146901326086,0.558528,-0.009316699534344608,0.868,0.132,0.0,0,0.23353293413173654,-0.16766467065868268,0.784,0.08399999999999996
0.9,10,0.5,same,0.5423915216956608,0.46080783843231354,0.0815836832633473,0.20485928458972047,0.56364356,0.5099800399201597,0.2744510978043912,0.23552894211576852,0.624424831939818,0.643396,0.15394525885242122,0.767,0.233,5.007,0,0.23552894211576852,0.0,0.767,0.0
0.9,5,0.5,same,0.5423915216956608,0.46240751849630074,0.07998400319936011,0.20083080980769946,0.56499156,0.5099800399201597,0.3343313373253493,0.1756487025948104,0.45300299000535954,0.624652,0.0956646993954503,0.799,0.201,5.007,0,0.23552894211576852,-0.05988023952095811,0.767,0.03200000000000003
0.9,2,0.5,same,0.5423915216956608,0.48460307938412317,0.05778844231153768,0.1450644894979801,0.55089824,0.5099800399201597,0.38622754491017963,0.12375249500998009,0.3141838919384631,0.571634,0.06596405269844241,0.797,0.203,5.007,0,0.23552894211576852,-0.11177644710578843,0.767,0.030000000000000027
0.9,1,0.5,same,0.5423915216956608,0.47680463907218557,0.06558688262347528,0.16463549143892411,0.55742892,0.5099800399201597,0.44610778443113774,0.06387225548902198,0.16052011911372835,0.546366,-0.001714627134453306,0.863,0.137,5.007,0,0.23552894211576852,-0.17165668662674655,0.767,0.09599999999999997
0.9,10,0.5,different,0.5567886422715457,0.45300939812037594,0.10377924415116974,0.26089385491751493,0.5730318,0.5259481037924152,0.3023952095808383,0.22355289421157687,0.582612179567625,0.65433,0.11977365006040713,0.806,0.194,5.007,0,0.22355289421157687,0.0,0.806,0.0
0.9,5,0.5,different,0.5567886422715457,0.45920815836832635,0.09758048390321933,0.24526099802240975,0.5765818,0.5259481037924152,0.3582834331337325,0.16766467065868268,0.4281390728840143,0.632446,0.07008418675546335,0.827,0.173,5.007,0,0.22355289421157687,-0.05588822355289419,0.806,0.020999999999999908
0.9,2,0.5,different,0.5567886422715457,0.47420515896820636,0.08258348330333931,0.20753538409934325,0.56064248,0.5259481037924152,0.4001996007984032,0.12574850299401197,0.31791867368491034,0.589556,0.04316501969067266,0.83,0.17,5.007,0,0.22355289421157687,-0.0978043912175649,0.806,0.02399999999999991
0.9,1,0.5,different,0.5567886422715457,0.47680463907218557,0.07998400319936011,0.20100713257518835,0.56205296,0.5259481037924152,0.44610778443113774,0.07984031936127745,0.20058943786125905,0.555954,-0.00014368383808266438,0.869,0.131,5.007,0,0.22355289421157687,-0.14371257485029942,0.806,0.06299999999999994
0.9,10,0.5,independent,0.5555888822235553,0.46060787842431516,0.09498100379924013,0.2386970643812873,0.568384,0.5199600798403193,0.2944111776447106,0.22554890219560875,0.5905967694811975,0.659912,0.13056789839636862,0.786,0.214,5.007,0,0.22554890219560875,0.0,0.786,0.0
0.9,5,0.5,independent,0.5555888822235553,0.46400719856028794,0.09158168366326735,0.23013797543420747,0.56796372,0.5199600798403193,0.3263473053892216,0.19361277445109776,0.500075346587969,0.644288,0.1020310907878304,0.792,0.208,5.007,0,0.22554890219560875,-0.03193612774451099,0.786,0.006000000000000005
0.9,2,0.5,independent,0.5555888822235553,0.4824035192961408,0.07318536292741451,0.18391680401000687,0.55580188,0.5199600798403193,0.36227544910179643,0.1576846307385229,0.4024365944803949,0.596432,0.08449926781110839,0.787,0.213,5.007,0,0.22554890219560875,-0.06786427145708585,0.786,0.0010000000000000009
0.9,1,0.5,independent,0.5555888822235553,0.46920615876824634,0.08638272345530895,0.21706017923652524,0.5621394,0.5199600798403193,0.42015968063872255,0.09980039920159678,0.2515383875673639,0.58172,0.013417675746287827,0.844,0.156,5.007,0,0.22554890219560875,-0.12574850299401197,0.786,0.05799999999999994
0.9,10,1.0,same,0.5457908418316336,0.4620075984803039,0.0837832433513297,0.21041105457258816,0.56449536,0.5139720558882236,0.29241516966067865,0.22155688622754494,0.5813726865437067,0.647522,0.13777364287621524,0.786,0.214,10.0,0,0.22155688622754494,0.0,0.786,0.0
0.9,5,1.0,same,0.5457908418316336,0.46060787842431516,0.08518296340731846,0.21393622708663496,0.56620548,0.5139720558882236,0.3343313373253493,0.17964071856287428,0.46301404313620165,0.627404,0.09445775515555582,0.805,0.195,10.0,0,0.22155688622754494,-0.041916167664670656,0.786,0.019000000000000017
0.9,2,1.0,same,0.5457908418316336,0.48500299940012,0.06078784243151364,0.1526345828899638,0.55065332,0.5139720558882236,0.38023952095808383,0.13373253493013976,0.3398816940983785,0.568596,0.07294469249862612,0.791,0.209,10.0,0,0.22155688622754494,-0.08782435129740518,0.786,0.0050000000000000044
0.9,1,1.0,same,0.5457908418316336,0.47900419916016795,0.06678664267146567,0.1676868054845873,0.55808164,0.5139720558882236,0.4600798403193613,0.05389221556886231,0.13526249383782213,0.541834,-0.012894427102603356,0.879,0.121,10.0,0,0.22155688622754494,-0.16766467065868262,0.786,0.09299999999999997
0.9,10,1.0,different,0.5613877224555089,0.4470105978804239,0.11437712457508503,0.2877062509511762,0.58293404,0.5299401197604791,0.31037924151696605,0.219560878243513,0.5698950058364016,0.652818,0.10518375366842797,0.804,0.196,10.0,0,0.219560878243513,0.0,0.804,0.0
0.9,5,1.0,different,0.5613877224555089,0.45040991801639674,0.1109778044391122,0.2791142863561205,0.58605752,0.5299401197604791,0.3383233532934132,0.19161676646706588,0.49216268057191553,0.636516,0.08063896202795368,0.822,0.178,10.0,0,0.219560878243513,-0.027944111776447123,0.804,0.017999999999999905
0.9,2,1.0,different,0.5613877224555089,0.47360527894421117,0.08778244351129777,0.22069862646356642,0.56460116,0.5299401197604791,0.4241516966067864,0.10578842315369263,0.26640296001255914,0.579154,0.018005979642394865,0.859,0.141,10.0,0,0.219560878243513,-0.11377245508982037,0.804,0.05499999999999994
0.9,1,1.0,different,0.5613877224555089,0.47900419916016795,0.08238352329534099,0.20714151566409056,0.56429248,0.5299401197604791,0.4600798403193613,0.06986027944111778,0.17535192029638905,0.551514,-0.01252324385422321,0.884,0.116,10.0,0,0.219560878243513,-0.14970059880239522,0.804,0.07999999999999996
0.9,10,1.0,independent,0.5583883223355329,0.45880823835232953,0.0995800839832034,0.2503208716708841,0.5691346,0.5139720558882236,0.26646706586826346,0.24750499001996012,0.6585632052043056,0.666302,0.14792490603675673,0.749,0.251,10.0,0,0.24750499001996012,0.0,0.749,0.0
0.9,5,1.0,independent,0.5583883223355329,0.45960807838432316,0.09878024395120977,0.2483054246744316,0.56964748,0.5139720558882236,0.3083832335329341,0.20558882235528947,0.5354682469265586,0.654908,0.1068085784040797,0.764,0.236,10.0,0,0.24750499001996012,-0.041916167664670656,0.749,0.015000000000000013
0.9,2,1.0,independent,0.5583883223355329,0.4756048790241952,0.08278344331133775,0.2080719449641677,0.560411,0.5139720558882236,0.3782435129740519,0.1357285429141717,0.3451271336036675,0.613522,0.052945099602833945,0.793,0.207,10.0,0,0.24750499001996012,-0.11177644710578843,0.749,0.04400000000000004
0.9,1,1.0,independent,0.5583883223355329,0.4564087182563487,0.10197960407918422,0.25636976765645036,0.56731748,0.5139720558882236,0.3782435129740519,0.1357285429141717,0.3451271336036675,0.6183,0.033748938834987474,0.823,0.177,10.0,0,0.24750499001996012,-0.11177644710578843,0.749,0.07399999999999995
0.0,10,0.0,same,0.8440202488926387,0.16185135905721346,0.6821688898354252,1.9979964029093265,0.9193942019219971,0.988421052631579,0.008538899430740038,0.9798821532008389,4.655848189593969,0.9996289968073672,0.2977132633654137,0.992,0.008,0.0,1,0.9798821532008389,0.0,0.992,0.0
0.0,5,0.0,same,0.8440202488926387,0.15633909903060256,0.6876811498620361,2.02073724977405,0.9207950698689256,0.988421052631579,0.012333965844402278,0.9760870867871767,4.517383286205716,0.9991537116362644,0.2884059369251406,0.983,0.017,0.0,1,0.9798821532008389,-0.003795066413662229,0.992,-0.009000000000000008
0.0,2,0.0,same,0.8440202488926387,0.16546283976430337,0.6785574091283353,1.9833699782307628,0.9193875038103031,0.988421052631579,0.05028462998102467,0.9381364226505543,3.9129198072529467,0.9903539169915452,0.259579013522219,0.96,0.04,0.0,1,0.9798821532008389,-0.04174573055028463,0.992,-0.03200000000000003
0.0,1,0.0,same,0.8440202488926387,0.15633909903060256,0.6876811498620361,2.02073724977405,0.9224295695560797,0.988421052631579,0.1015180265654649,0.886903026066114,3.5437689468016087,0.960619515169017,0.19922187620407794,0.979,0.021,0.0,1,0.9798821532008389,-0.09297912713472489,0.992,-0.013000000000000012
0.0,10,0.0,different,0.8440202488926387,0.16185135905721346,0.6821688898354252,1.9979964029093265,0.9193942019219971,0.988421052631579,0.008538899430740038,0.9798821532008389,4.655848189593969,0.9996289968073672,0.2977132633654137,0.992,0.008,0.0,1,0.9798821532008389,0.0,0.992,0.0
0.0,5,0.0,different,0.8440202488926387,0.15633909903060256,0.6876811498620361,2.02073724977405,0.9207950698689256,0.988421052631579,0.012333965844402278,0.9760870867871767,4.517383286205716,0.9991537116362644,0.2884059369251406,0.983,0.017,0.0,1,0.9798821532008389,-0.003795066413662229,0.992,-0.009000000000000008
0.0,2,0.0,different,0.8440202488926387,0.16546283976430337,0.6785574091283353,1.9833699782307628,0.9193875038103031,0.988421052631579,0.05028462998102467,0.9381364226505543,3.9129198072529467,0.9903539169915452,0.259579013522219,0.96,0.04,0.0,1,0.9798821532008389,-0.04174573055028463,0.992,-0.03200000000000003
0.0,1,0.0,different,0.8440202488926387,0.15633909903060256,0.6876811498620361,2.02073724977405,0.9224295695560797,0.988421052631579,0.1015180265654649,0.886903026066114,3.5437689468016087,0.960619515169017,0.19922187620407794,0.979,0.021,0.0,1,0.9798821532008389,-0.09297912713472489,0.992,-0.013000000000000012
0.0,10,0.0,independent,0.8440202488926387,0.16185135905721346,0.6821688898354252,1.9979964029093265,0.9193942019219971,0.988421052631579,0.008538899430740038,0.9798821532008389,4.655848189593969,0.9996289968073672,0.2977132633654137,0.992,0.008,0.0,1,0.9798821532008389,0.0,0.992,0.0
0.0,5,0.0,independent,0.8440202488926387,0.15633909903060256,0.6876811498620361,2.02073724977405,0.9207950698689256,0.988421052631579,0.012333965844402278,0.9760870867871767,4.517383286205716,0.9991537116362644,0.2884059369251406,0.983,0.017,0.0,1,0.9798821532008389,-0.003795066413662229,0.992,-0.009000000000000008
0.0,2,0.0,independent,0.8440202488926387,0.16546283976430337,0.6785574091283353,1.9833699782307628,0.9193875038103031,0.988421052631579,0.05028462998102467,0.9381364226505543,3.9129198072529467,0.9903539169915452,0.259579013522219,0.96,0.04,0.0,1,0.9798821532008389,-0.04174573055028463,0.992,-0.03200000000000003
0.0,1,0.0,independent,0.8440202488926387,0.15633909903060256,0.6876811498620361,2.02073724977405,0.9224295695560797,0.988421052631579,0.1015180265654649,0.886903026066114,3.5437689468016087,0.960619515169017,0.19922187620407794,0.979,0.021,0.0,1,0.9798821532008389,-0.09297912713472489,0.992,-0.013000000000000012
0.0,10,0.5,same,0.8476059902974056,0.14930621554837484,0.6982997747490307,2.065633318218166,0.9267636087981903,0.988421052631579,0.0028462998102466793,0.9855747528213323,5.035801362649812,0.9996711106832876,0.2872749780723016,0.991,0.009,4.943,1,0.9855747528213323,0.0,0.991,0.0
0.0,5,0.5,same,0.8476059902974056,0.1455046569093328,0.7021013333880728,2.0821297848544447,0.928105798078003,0.988421052631579,0.012333965844402278,0.9760870867871767,4.517383286205716,0.9994084003144502,0.2739857533991039,0.982,0.018,4.943,1,0.9855747528213323,-0.009487666034155628,0.991,-0.009000000000000008
0.0,2,0.5,same,0.8476059902974056,0.15215738452765634,0.6954486057697492,2.0534442280173675,0.9270741284433107,0.988421052631579,0.046489563567362426,0.9419314890642165,3.950707609215305,0.9893812870000481,0.24648288329446733,0.966,0.034,4.943,1,0.9855747528213323,-0.0436432637571158,0.991,-0.025000000000000022
0.0,1,0.5,same,0.8476059902974056,0.14607489070518911,0.7015310995922165,2.079637032660849,0.9299615761017792,0.988421052631579,0.09962049335863378,0.8888005592729452,3.554536723111335,0.9577918692143557,0.18726945968072872,0.982,0.018,4.943,1,0.9855747528213323,-0.09677419354838712,0.991,-0.009000000000000008
0.0,10,0.5,different,0.8807213668002531,0.11433187606918836,0.7663894907310648,2.3824086812075818,0.9481701721454814,0.9905263157894737,0.006641366223908918,0.9838849495655648,4.822662287032264,0.9998596204135983,0.21749545883450006,0.992,0.008,4.943,1,0.9838849495655648,0.0,0.992,0.0
0.0,5,0.5,different,0.8807213668002531,0.11623265538870937,0.7644887114115437,2.3726329233899315,0.9473312236286919,0.9905263157894737,0.006641366223908918,0.9838849495655648,4.822662287032264,0.9998114902696892,0.2193962381540211,0.986,0.014,4.943,1,0.9838849495655648,0.0,0.992,-0.006000000000000005
0.0,2,0.5,different,0.8807213668002531,0.1365709941075841,0.744150372692669,2.2744561286230125,0.9424164139834111,0.9905263157894737,0.05028462998102467,0.940241685808449,3.9886649596789505,0.9889621536635061,0.19609131311577999,0.981,0.019,4.943,1,0.9838849495655648,-0.0436432637571158,0.992,-0.01100000000000001
0.0,1,0.5,different,0.8807213668002531,0.14607489070518911,0.7346464760950641,2.232017859555482,0.940354518618344,0.9905263157894737,0.09962049335863378,0.8909058224308399,3.6302818755373387,0.9642814169514367,0.15625934633577587,0.981,0.019,4.943,1,0.9838849495655648,-0.09297912713472489,0.992,-0.01100000000000001
0.0,10,0.5,independent,0.8758700696055685,0.11965405816384718,0.7562160114417212,2.3313042572479827,0.9472929601642842,0.9968421052631579,0.0009487666034155598,0.9958933386597423,5.836737737956515,0.9999919783093485,0.23967732721802104,0.995,0.005,4.943,1,0.9958933386597423,0.0,0.995,0.0
0.0,5,0.5,independent,0.8758700696055685,0.11737312298042198,0.7584969466251464,2.3428076156878643,0.9476794853283278,0.9968421052631579,0.004743833017077799,0.99209827224608,5.324882640787077,0.9999378318974507,0.2336013256209336,0.996,0.004,4.943,1,0.9958933386597423,-0.003795066413662229,0.995,0.0010000000000000009
0.0,2,0.5,independent,0.8758700696055685,0.12117468161946399,0.7546953879861045,2.32372105087836,0.9459178418443471,0.9968421052631579,0.014231499051233396,0.9826106062119244,4.92176468652557,0.9992800532640259,0.22791521822581995,0.984,0.016,4.943,1,0.9958933386597423,-0.013282732447817858,0.995,-0.01100000000000001
0.0,1,0.5,independent,0.8758700696055685,0.11224101881771527,0.7636290507878531,2.369282401042698,0.9490067943719819,0.9968421052631579,0.04079696394686907,0.9560451413162888,4.472431188215445,0.9955980972549775,0.19241609052843567,0.978,0.022,4.943,1,0.9958933386597423,-0.03984819734345346,0.995,-0.017000000000000015
0.0,10,1.0,same,0.8585741404766927,0.14075270861053032,0.7178214318661623,2.1508789172869323,0.9355660506008247,0.9926315789473684,0.004743833017077799,0.9878877459302906,5.032745458357169,0.999883685485553,0.2700663140641283,0.993,0.007,10.0,1,0.9878877459302906,0.0,0.993,0.0
0.0,5,1.0,same,0.8585741404766927,0.1375213837673446,0.7210527567093481,2.1654583270172534,0.9371730759974972,0.9926315789473684,0.010436432637571158,0.9821951463097973,4.749058570667534,0.9995588070141663,0.2611423896004492,0.987,0.013,10.0,1,0.9878877459302906,-0.005692599620493288,0.993,-0.006000000000000005
0.0,2,1.0,same,0.8585741404766927,0.1437939555217639,0.7147801849549288,2.137363191336214,0.9359742343296273,0.9926315789473684,0.04459203036053131,0.9480395485868371,4.138499908003796,0.9884247003898542,0.23325936363190836,0.964,0.036,10.0,1,0.9878877459302906,-0.03984819734345346,0.993,-0.029000000000000026
0.0,1,1.0,same,0.8585741404766927,0.14113286447443452,0.7174412760022582,2.1491787047138198,0.93849224302514,0.9926315789473684,0.11480075901328274,0.8778308199340856,3.6401682912715874,0.9521305610370442,0.16038954393182747,0.991,0.009,10.0,1,0.9878877459302906,-0.11005692599620498,0.993,-0.0020000000000000018
0.0,10,1.0,different,0.9216410040075933,0.0816384717734271,0.8400025322341662,2.8103311232552426,0.9770515072756735,0.9968421052631579,0.004743833017077799,0.99209827224608,5.324882640787077,0.9998375607643066,0.15209574001191384,0.996,0.004,10.0,1,0.99209827224608,0.0,0.996,0.0
0.0,5,1.0,different,0.9216410040075933,0.08620034214027751,0.8354406618673158,2.780726888414847,0.9748408095490205,0.9968421052631579,0.006641366223908918,0.990200739039249,5.207016941440287,0.999849593300284,0.15476007717193319,0.992,0.008,10.0,1,0.99209827224608,-0.001897533206831059,0.996,-0.0040000000000000036
0.0,2,1.0,different,0.9216410040075933,0.11072039536209846,0.8109206086454949,2.638902378905854,0.9686586529977058,0.9968421052631579,0.05028462998102467,0.9465574752821332,4.373019614086973,0.9896780895541545,0.13563686663663832,0.986,0.014,10.0,1,0.99209827224608,-0.04554079696394686,0.996,-0.010000000000000009
0.0,1,1.0,different,0.9216410040075933,0.14113286447443452,0.7805081395331588,2.4914399505601583,0.9597221286358313,0.9968421052631579,0.11480075901328274,0.8820413462498751,3.9323054737014944,0.9653342638494489,0.10153320671671628,0.993,0.007,10.0,1,0.99209827224608,-0.11005692599620498,0.996,-0.0030000000000000027
0.0,10,1.0,independent,0.9142585952330732,0.0793575365900019,0.8349010586430713,2.7768610187721188,0.9747755129871172,0.9989473684210526,0.0009487666034155598,0.997998601817637,6.180784563221533,1.0,0.1630975431745657,0.998,0.002,10.0,1,0.997998601817637,0.0,0.998,0.0
0.0,5,1.0,independent,0.9142585952330732,0.077646835202433,0.8366117600306402,2.788534181792998,0.9751706213601579,0.9989473684210526,0.0028462998102466793,0.9961010686108059,5.839947994748855,0.9999979945773371,0.15948930858016575,1.0,0.0,10.0,1,0.997998601817637,-0.001897533206831059,0.998,0.0020000000000000018
0.0,2,1.0,independent,0.9142585952330732,0.0778369131343851,0.8364216820986881,2.787227589384567,0.9746637307278883,0.9989473684210526,0.0028462998102466793,0.9961010686108059,5.839947994748855,0.9999979945773371,0.15967938651211788,0.996,0.004,10.0,1,0.997998601817637,-0.001897533206831059,0.998,-0.0020000000000000018
0.0,1,1.0,independent,0.9142585952330732,0.0747956662231515,0.8394629290099217,2.8084312185976166,0.976007965538817,0.9989473684210526,0.008538899430740038,0.9904084689903125,5.459994821693012,0.9997112191365453,0.15094553998039084,0.993,0.007,10.0,1,0.997998601817637,-0.007590132827324458,0.998,-0.0050000000000000044
0.3,10,0.0,same,0.7623919004429446,0.2456757270480897,0.5167161733948549,1.4021786720796081,0.8364843737466109,0.9273684210526316,0.029411764705882353,0.8979566563467493,3.3459784366848426,0.9904421555887118,0.3812404829518944,0.949,0.051,0.0,1,0.8979566563467493,0.0,0.949,0.0
0.3,5,0.0,same,0.7623919004429446,0.2376924539061015,0.5246994465368431,1.4277627040805663,0.8380382554427172,0.9273684210526316,0.046489563567362426,0.8808788574852692,3.136356383192912,0.9860282203077121,0.3561794109484261,0.94,0.06,0.0,1,0.8979566563467493,-0.017077798861480087,0.949,-0.009000000000000008
0.3,2,0.0,same,0.7623919004429446,0.2479566622315149,0.5144352382114297,1.394951644786628,0.8354786141727231,0.9273684210526316,0.10531309297912714,0.8220553280735045,2.708313924176551,0.9496598803163755,0.3076200898620748,0.915,0.085,0.0,1,0.8979566563467493,-0.0759013282732448,0.949,-0.03399999999999992
0.3,1,0.0,same,0.7623919004429446,0.2365519863143889,0.5258399141285557,1.4314556063850143,0.8400176076109801,0.9273684210526316,0.17552182163187854,0.751846599420753,2.3890353508460493,0.8965402448219987,0.22600668529219736,0.954,0.046,0.0,1,0.8979566563467493,-0.1461100569259962,0.949,0.0050000000000000044
0.3,10,0.0,different,0.7623919004429446,0.2456757270480897,0.5167161733948549,1.4021786720796081,0.8364843737466109,0.9273684210526316,0.029411764705882353,0.8979566563467493,3.3459784366848426,0.9904421555887118,0.3812404829518944,0.949,0.051,0.0,1,0.8979566563467493,0.0,0.949,0.0
0.3,5,0.0,different,0.7623919004429446,0.2376924539061015,0.5246994465368431,1.4277627040805663,0.8380382554427172,0.9273684210526316,0.046489563567362426,0.8808788574852692,3.136356383192912,0.9860282203077121,0.3561794109484261,0.94,0.06,0.0,1,0.8979566563467493,-0.017077798861480087,0.949,-0.009000000000000008
0.3,2,0.0,different,0.7623919004429446,0.2479566622315149,0.5144352382114297,1.394951644786628,0.8354786141727231,0.9273684210526316,0.10531309297912714,0.8220553280735045,2.708313924176551,0.9496598803163755,0.3076200898620748,0.915,0.085,0.0,1,0.8979566563467493,-0.0759013282732448,0.949,-0.03399999999999992
0.3,1,0.0,different,0.7623919004429446,0.2365519863143889,0.5258399141285557,1.4314556063850143,0.8400176076109801,0.9273684210526316,0.17552182163187854,0.751846599420753,2.3890353508460493,0.8965402448219987,0.22600668529219736,0.954,0.046,0.0,1,0.8979566563467493,-0.1461100569259962,0.949,0.0050000000000000044
0.3,10,0.0,independent,0.7623919004429446,0.2456757270480897,0.5167161733948549,1.4021786720796081,0.8364843737466109,0.9273684210526316,0.029411764705882353,0.8979566563467493,3.3459784366848426,0.9904421555887118,0.3812404829518944,0.949,0.051,0.0,1,0.8979566563467493,0.0,0.949,0.0
0.3,5,0.0,independent,0.7623919004429446,0.2376924539061015,0.5246994465368431,1.4277627040805663,0.8380382554427172,0.9273684210526316,0.046489563567362426,0.8808788574852692,3.136356383192912,0.9860282203077121,0.3561794109484261,0.94,0.06,0.0,1,0.8979566563467493,-0.017077798861480087,0.949,-0.009000000000000008
0.3,2,0.0,independent,0.7623919004429446,0.2479566622315149,0.5144352382114297,1.394951644786628,0.8354786141727231,0.9273684210526316,0.10531309297912714,0.8220553280735045,2.708313924176551,0.9496598803163755,0.3076200898620748,0.915,0.085,0.0,1,0.8979566563467493,-0.0759013282732448,0.949,-0.03399999999999992
0.3,1,0.0,independent,0.7623919004429446,0.2365519863143889,0.5258399141285557,1.4314556063850143,0.8400176076109801,0.9273684210526316,0.17552182163187854,0.751846599420753,2.3890353508460493,0.8965402448219987,0.22600668529219736,0.954,0.046,0.0,1,0.8979566563467493,-0.1461100569259962,0.949,0.0050000000000000044
0.3,10,0.5,same,0.7697743092174647,0.2371222201102452,0.5326520891072195,1.4536939667962252,0.8453440102035905,0.9442105263157895,0.014231499051233396,0.9299790272645561,3.781981287919179,0.9950225409507307,0.39732693815733655,0.951,0.049,4.943,1,0.9299790272645561,0.0,0.951,0.0
0.3,5,0.5,same,0.7697743092174647,0.2302794145599696,0.5394948946574951,1.476030758471918,0.8467500922494425,0.9442105263157895,0.04459203036053131,0.8996184959552582,3.290853691827313,0.9884868684924034,0.3601236012977631,0.945,0.055,4.943,1,0.9299790272645561,-0.030360531309297834,0.951,-0.006000000000000005
0.3,2,0.5,same,0.7697743092174647,0.2361718304504847,0.53360247876698,1.4567747801952742,0.8448734979384255,0.9442105263157895,0.09962049335863378,0.8445900329571557,2.8748531313389707,0.9517776066483772,0.31098755419017576,0.915,0.085,4.943,1,0.9299790272645561,-0.08538899430740032,0.951,-0.03599999999999992
0.3,1,0.5,same,0.7697743092174647,0.22438699866945447,0.5453873105480103,1.4955643299851138,0.8491543934799698,0.9442105263157895,0.17362428842504743,0.7705862378907421,2.5310756451768373,0.8906362805024787,0.22519892734273184,0.96,0.04,4.943,1,0.9299790272645561,-0.15939278937381396,0.951,0.009000000000000008
0.3,10,0.5,different,0.7946635730858469,0.19986694544763353,0.5947966276382134,1.664806717229316,0.874886493077281,0.9484210526315789,0.019924098671726755,0.9284969539598522,3.6850522743228558,0.9958688293144663,0.3337003263216388,0.965,0.035,4.943,1,0.9284969539598522,0.0,0.965,0.0
0.3,5,0.5,different,0.7946635730858469,0.20043717924348983,0.5942263938423571,1.6627708204720761,0.8736123277341933,0.9484210526315789,0.04838709677419355,0.9000339558573854,3.2904308228284718,0.9897703389966469,0.30580756201502834,0.956,0.044,4.943,1,0.9284969539598522,-0.028462998102466774,0.965,-0.009000000000000008
0.3,2,0.5,different,0.7946635730858469,0.22001520623455617,0.5746483668512907,1.5948519881292675,0.8659247003898541,0.9484210526315789,0.11859582542694497,0.829825227204634,2.8117686223705807,0.9536246009208901,0.2551768603533433,0.95,0.05,4.943,1,0.9284969539598522,-0.09867172675521818,0.965,-0.015000000000000013
0.3,1,0.5,different,0.7946635730858469,0.22438699866945447,0.5702765744163925,1.5801706702638383,0.8630055269448589,0.9484210526315789,0.17362428842504743,0.7747967642065315,2.5696727468498266,0.8987040958752467,0.20452018979013908,0.962,0.038,4.943,1,0.9284969539598522,-0.15370018975332067,0.965,-0.0030000000000000027
0.3,10,0.5,independent,0.7936089432609155,0.20043717924348983,0.5931717640174257,1.659068228305504,0.8737760504403909,0.9610526315789474,0.004743833017077799,0.9563087985618696,4.356997241779881,0.9986383180119042,0.3631370345444439,0.969,0.031,4.943,1,0.9563087985618696,0.0,0.969,0.0
0.3,5,0.5,independent,0.7936089432609155,0.19568523094468732,0.5979237123162282,1.6761422079650985,0.8740811554443214,0.9610526315789474,0.021821631878557873,0.9392309997003895,3.7805350432457283,0.9969637900883991,0.3413072873841613,0.965,0.035,4.943,1,0.9563087985618696,-0.017077798861480087,0.969,-0.0040000000000000036
0.3,2,0.5,independent,0.7936089432609155,0.20119749097129824,0.5924114522896172,1.6563591029184104,0.8714243313920842,0.9610526315789474,0.05787476280834915,0.9031778687705982,3.3359015077768266,0.9827854518618344,0.310766416480981,0.956,0.044,4.943,1,0.9563087985618696,-0.05313092979127132,0.969,-0.013000000000000012
0.3,1,0.5,independent,0.7936089432609155,0.19549515301273523,0.5981137902481802,1.6768303584863091,0.876056697309525,0.9610526315789474,0.1204933586337761,0.8405592729451713,2.9355581724369104,0.9615720909338852,0.24244548269699107,0.957,0.043,4.943,1,0.9563087985618696,-0.11574952561669827,0.969,-0.01200000000000001
0.3,10,1.0,same,0.7769457920269985,0.2270480897167839,0.5498977023102146,1.510522458927773,0.8552303428470585,0.9421052631578948,0.010436432637571158,0.9316688305203236,3.882971176874751,0.9951208066612119,0.38177112821010895,0.956,0.044,10.0,1,0.9316688305203236,0.0,0.956,0.0
0.3,5,1.0,same,0.7769457920269985,0.22609770005702337,0.5508480919699752,1.5136788896164726,0.8570743690940302,0.9421052631578948,0.05028462998102467,0.8918206331768701,3.2147950378642824,0.9875022059649292,0.3409725412068949,0.954,0.046,10.0,1,0.9316688305203236,-0.03984819734345346,0.956,-0.0020000000000000018
0.3,2,1.0,same,0.7769457920269985,0.231039726287778,0.5459060657392205,1.497345938900885,0.8549180183215415,0.9421052631578948,0.09582542694497154,0.8462798362129232,2.8784059386116416,0.9506184723492324,0.30037377047370273,0.909,0.091,10.0,1,0.9316688305203236,-0.08538899430740032,0.956,-0.04699999999999993
0.3,1,1.0,same,0.7769457920269985,0.22096559589431666,0.5559801961326819,1.5308550788140047,0.8589783574786222,0.9421052631578948,0.18121442125237192,0.7608908419055229,2.4834416507325177,0.8829795767756012,0.20491064577284102,0.959,0.041,10.0,1,0.9316688305203236,-0.17077798861480065,0.956,0.0030000000000000027
0.3,10,1.0,different,0.8379033959080363,0.16679338528796805,0.6711100106200683,1.952792056445146,0.9180080938858673,0.9631578947368421,0.019924098671726755,0.9432337960651154,3.843888332249773,0.9964363639280615,0.2721237854450471,0.979,0.021,10.0,1,0.9432337960651154,0.0,0.979,0.0
0.3,5,1.0,different,0.8379033959080363,0.16565291769625545,0.6722504782117809,1.9573645192859215,0.9148436572492018,0.9631578947368421,0.04459203036053131,0.9185658643763108,3.4882868514272194,0.9919622659671753,0.24631538616452997,0.969,0.031,10.0,1,0.9432337960651154,-0.024667931688804545,0.979,-0.010000000000000009
0.3,2,1.0,different,0.8379033959080363,0.19454476335297471,0.6433586325550615,1.8471472301477005,0.9036479841491393,0.9631578947368421,0.10531309297912714,0.8578448017577149,3.0404147180264856,0.9557503489435434,0.2144861692026534,0.957,0.043,10.0,1,0.9432337960651154,-0.08538899430740043,0.979,-0.02200000000000002
0.3,1,1.0,different,0.8379033959080363,0.22096559589431666,0.6169378000137197,1.7548137332593372,0.8883926537357013,0.9631578947368421,0.18121442125237192,0.7819434734844701,2.699315987948724,0.9033667035664437,0.16500567347075046,0.967,0.033,10.0,1,0.9432337960651154,-0.16129032258064524,0.979,-0.01200000000000001
0.3,10,1.0,independent,0.8296772832735709,0.16090096939745296,0.668776313876118,1.943652471226673,0.9145671495724439,0.988421052631579,0.0028462998102466793,0.9855747528213323,5.035801362649812,0.9996009208900868,0.3167984389452143,0.994,0.006,10.0,1,0.9855747528213323,0.0,0.994,0.0
0.3,5,1.0,independent,0.8296772832735709,0.15938034594183614,0.6702969373317348,1.9498986037096964,0.9155605958511815,0.988421052631579,0.010436432637571158,0.9779846199940079,4.5810959462634155,0.999227912274791,0.3076876826622731,0.989,0.011,10.0,1,0.9855747528213323,-0.007590132827324458,0.994,-0.0050000000000000044
0.3,2,1.0,independent,0.8296772832735709,0.16337198251283025,0.6663053007607407,1.933584126665683,0.9141308899263609,0.988421052631579,0.025616698292220113,0.9628043543393588,4.220339368408011,0.9957846015626254,0.29649905357861817,0.982,0.018,10.0,1,0.9855747528213323,-0.022770398481973486,0.994,-0.01200000000000001
0.3,1,1.0,independent,0.8296772832735709,0.15614902109865045,0.6735282621749205,1.9633025264727975,0.9171571930500072,0.988421052631579,0.054079696394686905,0.9343413562368921,3.8773411207823525,0.9904281176300718,0.2608130940619716,0.981,0.019,10.0,1,0.9855747528213323,-0.05123339658444026,0.994,-0.013000000000000012
0.6,10,0.0,same,0.6655768825142375,0.35097890134955334,0.3145979811646842,0.8104109985706385,0.7116299273234827,0.7968421052631579,0.09772296015180265,0.6991191451113552,2.1250302038494633,0.9250212574802266,0.384521163946671,0.862,0.138,0.0,1,0.6991191451113552,0.0,0.862,0.0
0.6,5,0.0,same,0.6655768825142375,0.3471773427105113,0.3183995398037262,0.82068435626306,0.7125273539651217,0.7968421052631579,0.13757115749525617,0.6592709477679017,1.9216912511655437,0.9043212847539748,0.34087140796417553,0.867,0.133,0.0,1,0.6991191451113552,-0.03984819734345346,0.862,0.0050000000000000044
0.6,2,0.0,same,0.6655768825142375,0.35268960273712224,0.3128872797771153,0.805801196300531,0.7093192392228586,0.7968421052631579,0.19639468690702086,0.600447418356137,1.6849642343886053,0.8447842967383806,0.28756013857902174,0.856,0.144,0.0,1,0.6991191451113552,-0.09867172675521818,0.862,-0.006000000000000005
0.6,1,0.0,same,0.6655768825142375,0.3412849268199962,0.3242919556942413,0.8366908783501217,0.7149312541111165,0.7968421052631579,0.29886148007590135,0.49798062518725655,1.3580723075514969,0.7693402961608189,0.17368866949301526,0.912,0.088,0.0,1,0.6991191451113552,-0.20113851992409865,0.862,0.050000000000000044
0.6,10,0.0,different,0.6655768825142375,0.35097890134955334,0.3145979811646842,0.8104109985706385,0.7116299273234827,0.7968421052631579,0.09772296015180265,0.6991191451113552,2.1250302038494633,0.9250212574802266,0.384521163946671,0.862,0.138,0.0,1,0.6991191451113552,0.0,0.862,0.0
0.6,5,0.0,different,0.6655768825142375,0.3471773427105113,0.3183995398037262,0.82068435626306,0.7125273539651217,0.7968421052631579,0.13757115749525617,0.6592709477679017,1.9216912511655437,0.9043212847539748,0.34087140796417553,0.867,0.133,0.0,1,0.6991191451113552,-0.03984819734345346,0.862,0.0050000000000000044
0.6,2,0.0,different,0.6655768825142375,0.35268960273712224,0.3128872797771153,0.805801196300531,0.7093192392228586,0.7968421052631579,0.19639468690702086,0.600447418356137,1.6849642343886053,0.8447842967383806,0.28756013857902174,0.856,0.144,0.0,1,0.6991191451113552,-0.09867172675521818,0.862,-0.006000000000000005
0.6,1,0.0,different,0.6655768825142375,0.3412849268199962,0.3242919556942413,0.8366908783501217,0.7149312541111165,0.7968421052631579,0.29886148007590135,0.49798062518725655,1.3580723075514969,0.7693402961608189,0.17368866949301526,0.912,0.088,0.0,1,0.6991191451113552,-0.20113851992409865,0.862,0.050000000000000044
0.6,10,0.0,independent,0.6655768825142375,0.35097890134955334,0.3145979811646842,0.8104109985706385,0.7116299273234827,0.7968421052631579,0.09772296015180265,0.6991191451113552,2.1250302038494633,0.9250212574802266,0.384521163946671,0.862,0.138,0.0,1,0.6991191451113552,0.0,0.862,0.0
0.6,5,0.0,independent,0.6655768825142375,0.3471773427105113,0.3183995398037262,0.82068435626306,0.7125273539651217,0.7968421052631579,0.13757115749525617,0.6592709477679017,1.9216912511655437,0.9043212847539748,0.34087140796417553,0.867,0.133,0.0,1,0.6991191451113552,-0.03984819734345346,0.862,0.0050000000000000044
0.6,2,0.0,independent,0.6655768825142375,0.35268960273712224,0.3128872797771153,0.805801196300531,0.7093192392228586,0.7968421052631579,0.19639468690702086,0.600447418356137,1.6849642343886053,0.8447842967383806,0.28756013857902174,0.856,0.144,0.0,1,0.6991191451113552,-0.09867172675521818,0.862,-0.006000000000000005
0.6,1,0.0,independent,0.6655768825142375,0.3412849268199962,0.3242919556942413,0.8366908783501217,0.7149312541111165,0.7968421052631579,0.29886148007590135,0.49798062518725655,1.3580723075514969,0.7693402961608189,0.17368866949301526,0.912,0.088,0.0,1,0.6991191451113552,-0.20113851992409865,0.862,0.050000000000000044
0.6,10,0.5,same,0.6700063277789496,0.3456567192548945,0.32434960852405514,0.8370038977942598,0.7184424684346473,0.7884210526315789,0.08444022770398482,0.7039808249275941,2.176764689498293,0.9344106463878327,0.3796312164035389,0.854,0.146,4.943,1,0.7039808249275941,0.0,0.854,0.0
0.6,5,0.5,same,0.6700063277789496,0.34071469302413987,0.32929163475480977,0.8504440246200642,0.7193044793120598,0.7884210526315789,0.13567362428842505,0.6527474283431538,1.9009199425443541,0.9118917553063484,0.32345579358834403,0.861,0.139,4.943,1,0.7039808249275941,-0.05123339658444026,0.854,0.007000000000000006
0.6,2,0.5,same,0.6700063277789496,0.3450864854590382,0.32491984231991144,0.8385509801738285,0.7169568914344387,0.7884210526315789,0.19070208728652752,0.5977189653450514,1.6762666449203403,0.8422715021417914,0.27279912302514,0.848,0.152,4.943,1,0.7039808249275941,-0.10626185958254264,0.854,-0.006000000000000005
0.6,1,0.5,same,0.6700063277789496,0.3380536019768105,0.33195272580213914,0.8577116930095212,0.7222711411657121,0.7884210526315789,0.3045540796963947,0.4838669729351842,1.3123015745714106,0.7623493927580177,0.15191424713304508,0.91,0.09,4.943,1,0.7039808249275941,-0.22011385199240985,0.854,0.05600000000000005
0.6,10,0.5,different,0.6896224425226746,0.3226572894886904,0.3669651530339842,0.9550613788711209,0.7445767756012257,0.8052631578947368,0.08064516129032258,0.7246179966044142,2.261317294495197,0.9364140636280502,0.35765284357043,0.879,0.121,4.943,1,0.7246179966044142,0.0,0.879,0.0
0.6,5,0.5,different,0.6896224425226746,0.3203763543052652,0.3692460882174094,0.9614270822291859,0.7433464889060019,0.8052631578947368,0.14705882352941177,0.658204334365325,1.9097036313285913,0.9110153856026696,0.2889582461479156,0.894,0.106,4.943,1,0.7246179966044142,-0.06641366223908918,0.879,0.015000000000000013
0.6,2,0.5,different,0.6896224425226746,0.3329214978141038,0.3567009447085708,0.9266406746578497,0.7355462370249154,0.8052631578947368,0.21157495256166983,0.593688205333067,1.661540693498322,0.8422133448845679,0.2369872606244962,0.895,0.105,4.943,1,0.7246179966044142,-0.13092979127134718,0.879,0.016000000000000014
0.6,1,0.5,different,0.6896224425226746,0.3380536019768105,0.35156884054586407,0.9125614914843807,0.733930668527699,0.8052631578947368,0.3045540796963947,0.5007090781983421,1.3719191482833593,0.7719914649211468,0.14914023765247802,0.922,0.078,4.943,1,0.7246179966044142,-0.22390891840607208,0.879,0.04300000000000004
0.6,10,0.5,independent,0.6851929972579625,0.31353354875498957,0.3716594485029729,0.9681292707003586,0.7450523415315011,0.8178947368421052,0.04459203036053131,0.773302706481574,2.607088795753186,0.961626237345783,0.40164325797860106,0.878,0.122,4.943,1,0.773302706481574,0.0,0.878,0.0
0.6,5,0.5,independent,0.6851929972579625,0.31239308116327696,0.3727999160946855,0.9713486549054413,0.7446877556913896,0.8178947368421052,0.09392789373814042,0.7239668431039648,2.2243200138382875,0.943982528757761,0.35116692700927926,0.882,0.118,4.943,1,0.773302706481574,-0.0493358633776092,0.878,0.0040000000000000036
0.6,2,0.5,independent,0.6851929972579625,0.31638471773427107,0.3688082795236914,0.9601027002260609,0.7416621745199018,0.8178947368421052,0.15654648956356737,0.6613482472785379,1.9161244804931277,0.902287786173814,0.29253996775484653,0.891,0.109,4.943,1,0.773302706481574,-0.11195445920303604,0.878,0.013000000000000012
0.6,1,0.5,independent,0.6851929972579625,0.3093518342520433,0.37584116300591913,0.9799586355972695,0.746942773258892,0.8178947368421052,0.23055028462998103,0.5873444522121242,1.644407030215884,0.8444333477723766,0.21150328920620504,0.913,0.087,4.943,1,0.773302706481574,-0.18595825426944979,0.878,0.03500000000000003
0.6,10,1.0,same,0.6735920691837165,0.33843375784071467,0.33515831134300184,0.8665952737045433,0.7252907060692112,0.8010526315789473,0.0920303605313093,0.709022271047638,2.173742528734666,0.9376714636376763,0.3738639597046362,0.878,0.122,10.0,1,0.709022271047638,0.0,0.878,0.0
0.6,5,1.0,same,0.6735920691837165,0.3357726667933853,0.3378194023903312,0.8738818824266478,0.726431310262951,0.8010526315789473,0.1432637571157495,0.6577888744631979,1.9111573598134948,0.9123289374468563,0.3199694720728667,0.88,0.12,10.0,1,0.709022271047638,-0.05123339658444015,0.878,0.0020000000000000018
0.6,2,1.0,same,0.6735920691837165,0.3422353164797567,0.3313567527039598,0.8562239723753372,0.7237495788612408,0.8010526315789473,0.19449715370018975,0.6065554778787576,1.7068297405552098,0.8423858112335756,0.2751987251747978,0.835,0.165,10.0,1,0.709022271047638,-0.10246679316888041,0.878,-0.04300000000000004
0.6,1,1.0,same,0.6735920691837165,0.3346321992016727,0.3389598699820438,0.87701159724739,0.7292797725048531,0.8010526315789473,0.29506641366223907,0.5059862179167083,1.3840306700430318,0.7504391875631709,0.16702634793466448,0.912,0.088,10.0,1,0.709022271047638,-0.20303605313092976,0.878,0.03400000000000003
0.6,10,1.0,different,0.7218941151655769,0.2939555217639232,0.4279385934016537,1.1303432690314772,0.7840722513676982,0.8326315789473684,0.09392789373814042,0.7387036852092279,2.2815654785218,0.944417705475606,0.3107650918075742,0.892,0.108,10.0,1,0.7387036852092279,0.0,0.892,0.0
0.6,5,1.0,different,0.7218941151655769,0.29756700247101314,0.42432711269456375,1.1198885863288193,0.7807856844908633,0.8326315789473684,0.1413662239089184,0.69126535503845,2.038818028431148,0.9201019556881809,0.26693824234388625,0.895,0.105,10.0,1,0.7387036852092279,-0.04743833017077792,0.892,0.0030000000000000027
0.6,2,1.0,different,0.7218941151655769,0.31144269150351644,0.41045142366206044,1.080242732369487,0.7700991079879995,0.8326315789473684,0.21916508538899432,0.613466493558374,1.7396327374675489,0.84940679597632,0.20301506989631357,0.911,0.089,10.0,1,0.7387036852092279,-0.1252371916508539,0.892,0.019000000000000017
0.6,1,1.0,different,0.7218941151655769,0.3346321992016727,0.3872619159639042,1.0156353892830927,0.7552240859283502,0.8326315789473684,0.29506641366223907,0.5375651652851293,1.5032602353874647,0.773329081837288,0.15030324932122513,0.923,0.077,10.0,1,0.7387036852092279,-0.2011385199240986,0.892,0.031000000000000028
0.6,10,1.0,independent,0.7081839274414681,0.2882531838053602,0.4199307436361079,1.1065821046842594,0.7818493606712551,0.8642105263157894,0.025616698292220113,0.8385938280235693,3.0489533448254518,0.9750846288363736,0.4186630843874614,0.901,0.099,10.0,1,0.8385938280235693,0.0,0.901,0.0
0.6,5,1.0,independent,0.7081839274414681,0.2842615472343661,0.423922380207102,1.1183149912685142,0.7831579390672379,0.8642105263157894,0.061669829222011384,0.8025406970937781,2.6403397071580805,0.9667340488681394,0.3786183168866761,0.912,0.088,10.0,1,0.8385938280235693,-0.03605313092979123,0.901,0.01100000000000001
0.6,2,1.0,independent,0.7081839274414681,0.2890134955331686,0.4191704319082995,1.1043560089144724,0.7804576775601225,0.8642105263157894,0.09962049335863378,0.7645900329571557,2.383150699528776,0.9439845341804238,0.34541960104885616,0.914,0.086,10.0,1,0.8385938280235693,-0.07400379506641364,0.901,0.013000000000000012
0.6,1,1.0,independent,0.7081839274414681,0.2789393651397073,0.4292445623017608,1.134082246268381,0.7848346729556721,0.8642105263157894,0.14895635673624288,0.7152541695795466,2.140353603765065,0.9165523575748825,0.2860096072777858,0.923,0.077,10.0,1,0.8385938280235693,-0.12333965844402273,0.901,0.02200000000000002
0.9,10,0.0,same,0.5411305631723266,0.46179433567762784,0.07933622749469871,0.1991966192039969,0.5531607466589659,0.5021052631578947,0.2855787476280835,0.21652651552981123,0.5716247558245874,0.6410433813030434,0.13719028803511252,0.764,0.236,0.0,1,0.21652651552981123,0.0,0.764,0.0
0.9,5,0.0,same,0.5411305631723266,0.46483558258886143,0.07629498058346512,0.19154093421310303,0.5525845085110138,0.5021052631578947,0.3235294117647059,0.17857585139318882,0.4631290676626114,0.6243201617172836,0.1022808708097237,0.793,0.207,0.0,1,0.21652651552981123,-0.0379506641366224,0.764,0.029000000000000026
0.9,2,0.0,same,0.5411305631723266,0.46996768675156814,0.07116287642075841,0.17863345164887315,0.5499493831319889,0.5021052631578947,0.3368121442125237,0.16529311894537102,0.42645625895198036,0.6019356339542122,0.0941302425246126,0.792,0.208,0.0,1,0.21652651552981123,-0.051233396584440205,0.764,0.028000000000000025
0.9,1,0.0,same,0.5411305631723266,0.46483558258886143,0.07629498058346512,0.19154093421310303,0.5553860839710577,0.5021052631578947,0.4240986717267552,0.07800659143113953,0.19669612642046513,0.5663514142240619,0.0017116108476744052,0.859,0.141,0.0,1,0.21652651552981123,-0.1385199240986717,0.764,0.09499999999999997
0.9,10,0.0,different,0.5411305631723266,0.46179433567762784,0.07933622749469871,0.1991966192039969,0.5531607466589659,0.5021052631578947,0.2855787476280835,0.21652651552981123,0.5716247558245874,0.6410433813030434,0.13719028803511252,0.764,0.236,0.0,1,0.21652651552981123,0.0,0.764,0.0
0.9,5,0.0,different,0.5411305631723266,0.46483558258886143,0.07629498058346512,0.19154093421310303,0.5525845085110138,0.5021052631578947,0.3235294117647059,0.17857585139318882,0.4631290676626114,0.6243201617172836,0.1022808708097237,0.793,0.207,0.0,1,0.21652651552981123,-0.0379506641366224,0.764,0.029000000000000026
0.9,2,0.0,different,0.5411305631723266,0.46996768675156814,0.07116287642075841,0.17863345164887315,0.5499493831319889,0.5021052631578947,0.3368121442125237,0.16529311894537102,0.42645625895198036,0.6019356339542122,0.0941302425246126,0.792,0.208,0.0,1,0.21652651552981123,-0.051233396584440205,0.764,0.028000000000000025
0.9,1,0.0,different,0.5411305631723266,0.46483558258886143,0.07629498058346512,0.19154093421310303,0.5553860839710577,0.5021052631578947,0.4240986717267552,0.07800659143113953,0.19669612642046513,0.5663514142240619,0.0017116108476744052,0.859,0.141,0.0,1,0.21652651552981123,-0.1385199240986717,0.764,0.09499999999999997
0.9,10,0.0,independent,0.5411305631723266,0.46179433567762784,0.07933622749469871,0.1991966192039969,0.5531607466589659,0.5021052631578947,0.2855787476280835,0.21652651552981123,0.5716247558245874,0.6410433813030434,0.13719028803511252,0.764,0.236,0.0,1,0.21652651552981123,0.0,0.764,0.0
0.9,5,0.0,independent,0.5411305631723266,0.46483558258886143,0.07629498058346512,0.19154093421310303,0.5525845085110138,0.5021052631578947,0.3235294117647059,0.17857585139318882,0.4631290676626114,0.6243201617172836,0.1022808708097237,0.793,0.207,0.0,1,0.21652651552981123,-0.0379506641366224,0.764,0.029000000000000026
0.9,2,0.0,independent,0.5411305631723266,0.46996768675156814,0.07116287642075841,0.17863345164887315,0.5499493831319889,0.5021052631578947,0.3368121442125237,0.16529311894537102,0.42645625895198036,0.6019356339542122,0.0941302425246126,0.792,0.208,0.0,1,0.21652651552981123,-0.051233396584440205,0.764,0.028000000000000025
0.9,1,0.0,independent,0.5411305631723266,0.46483558258886143,0.07629498058346512,0.19154093421310303,0.5553860839710577,0.5021052631578947,0.4240986717267552,0.07800659143113953,0.19669612642046513,0.5663514142240619,0.0017116108476744052,0.859,0.141,0.0,1,0.21652651552981123,-0.1385199240986717,0.764,0.09499999999999997
0.9,10,0.5,same,0.5438726007171483,0.4616042577456757,0.08226834297147256,0.20658782978464213,0.55429734000738,0.48526315789473684,0.27609108159392787,0.20917207630080897,0.5575451981273968,0.6435862572395759,0.1269037333293364,0.745,0.255,4.943,1,0.20917207630080897,0.0,0.745,0.0
0.9,5,0.5,same,0.5438726007171483,0.46426534879300513,0.07960725192414314,0.19988851588408119,0.5538146347724247,0.48526315789473684,0.3425047438330171,0.14275841406171974,0.3686886068575978,0.6224571240634676,0.0631511621375766,0.788,0.212,4.943,1,0.20917207630080897,-0.06641366223908923,0.745,0.04300000000000004
0.9,2,0.5,same,0.5438726007171483,0.46654628397643033,0.07732631674071794,0.1941494604831031,0.5516365853267234,0.48526315789473684,0.32732447817836813,0.1579386797163687,0.41036498385017534,0.6047713015995251,0.08061236297565078,0.769,0.231,4.943,1,0.20917207630080897,-0.05123339658444026,0.745,0.02400000000000002
0.9,1,0.5,same,0.5438726007171483,0.4655958943166698,0.07827670640047846,0.19654038668182794,0.5570545154096678,0.48526315789473684,0.4278937381404175,0.05736941975431936,0.14479091404112607,0.5643660457878102,-0.020907286646159096,0.847,0.153,4.943,1,0.20917207630080897,-0.1518026565464896,0.745,0.10199999999999998
0.9,10,0.5,different,0.5506222315967095,0.46122410188177154,0.08939812971493799,0.22458387973604518,0.5609155155540582,0.5105263157894737,0.29127134724857684,0.21925496854089688,0.5760630582745154,0.6419438160786768,0.1298568388259589,0.773,0.227,4.943,1,0.21925496854089688,0.0,0.773,0.0
0.9,5,0.5,different,0.5506222315967095,0.4614141798137236,0.08920805178298591,0.22410517309571593,0.5603012947008712,0.5105263157894737,0.357685009487666,0.1528413063018077,0.3910421960506814,0.6241617333269159,0.06363325451882179,0.815,0.185,4.943,1,0.21925496854089688,-0.06641366223908918,0.773,0.041999999999999926
0.9,2,0.5,different,0.5506222315967095,0.462174491541532,0.08844774005517753,0.22219056739797285,0.557052830854631,0.5105263157894737,0.3747628083491461,0.1357635074403276,0.3456535627332475,0.605376939243715,0.04731576738515009,0.839,0.161,4.943,1,0.21925496854089688,-0.08349146110056926,0.773,0.06599999999999995
0.9,1,0.5,different,0.5506222315967095,0.4655958943166698,0.08502633728003972,0.21357904555064572,0.5600431566957051,0.5105263157894737,0.4278937381404175,0.08263257764905624,0.20812772729898743,0.5673962394314226,-0.002393759630983483,0.86,0.14,4.943,1,0.21925496854089688,-0.13662239089184064,0.773,0.08699999999999997
0.9,10,0.5,independent,0.5493566758067918,0.443166698346322,0.10618997746046982,0.2669814361860996,0.5649151706213602,0.4978947368421053,0.24383301707779886,0.2540617197643064,0.6887486555108189,0.6810976881487543,0.1478717423038366,0.747,0.253,4.943,1,0.2540617197643064,0.0,0.747,0.0
0.9,5,0.5,independent,0.5493566758067918,0.4482988025090287,0.10105787329776311,0.25399674746436707,0.5632131282989202,0.4978947368421053,0.2893738140417457,0.20852092280035955,0.5499378371632504,0.6612640580128668,0.10746304950259644,0.778,0.222,4.943,1,0.2540617197643064,-0.04554079696394686,0.747,0.031000000000000028
0.9,2,0.5,independent,0.5493566758067918,0.45552176392320853,0.09383491188358328,0.2357585426374374,0.5608202980860246,0.4978947368421053,0.31973434535104367,0.1781603914910616,0.4631646509920185,0.6295743690940303,0.08432547960747833,0.782,0.218,4.943,1,0.2540617197643064,-0.0759013282732448,0.747,0.03500000000000003
0.9,1,0.5,independent,0.5493566758067918,0.4528606728758791,0.0964960029309127,0.24247323668542203,0.5653642248640324,0.4978947368421053,0.39943074003795065,0.09846399680415463,0.24954370131077624,0.5969621857502687,0.0019679938732419244,0.837,0.163,4.943,1,0.2540617197643064,-0.15559772296015179,0.747,0.08999999999999997
0.9,10,1.0,same,0.547247416156929,0.4667363619083824,0.08051105424854654,0.20218635470112384,0.5541490189472333,0.49157894736842106,0.3026565464895636,0.18892240087885748,0.49566518517369296,0.6434859861064318,0.10841134663031093,0.764,0.236,10.0,1,0.18892240087885748,0.0,0.764,0.0
0.9,5,1.0,same,0.547247416156929,0.46806690743204715,0.0791805087248818,0.1988399922910194,0.5536562464905104,0.49157894736842106,0.340607210626186,0.15097173674223507,0.3896964908695086,0.6195191798623478,0.07179122801735327,0.781,0.219,10.0,1,0.18892240087885748,-0.0379506641366224,0.764,0.017000000000000015
0.9,2,1.0,same,0.547247416156929,0.46977760881961605,0.0774698073373129,0.19453883917233464,0.551340384399416,0.49157894736842106,0.3425047438330171,0.14907420353540396,0.38452678057905443,0.5946238629253502,0.07160439619809106,0.764,0.236,10.0,1,0.18892240087885748,-0.03984819734345352,0.764,0.0
0.9,1,1.0,same,0.547247416156929,0.46293480326934044,0.08431261288758851,0.21175267228819528,0.5576075708716369,0.49157894736842106,0.43738140417457305,0.05419754319384801,0.13650165211868562,0.5622944441770548,-0.030115069693740504,0.864,0.136,10.0,1,0.18892240087885748,-0.13472485768500947,0.764,0.09999999999999998
0.9,10,1.0,different,0.5609576038810378,0.4576126211746816,0.10334498270635617,0.25984763356158824,0.5703008535078853,0.5252631578947369,0.33111954459203036,0.19414361330270652,0.500191595193628,0.6492315220355842,0.09079863059635035,0.83,0.17,10.0,1,0.19414361330270652,0.0,0.83,0.0
0.9,5,1.0,different,0.5609576038810378,0.46597605018057403,0.09498155370046374,0.2387865777563726,0.5688806131780334,0.5252631578947369,0.3747628083491461,0.15050034954559077,0.38263266848636757,0.6206141406362805,0.055518795845127034,0.836,0.164,10.0,1,0.19414361330270652,-0.04364326375711575,0.83,0.006000000000000005
0.9,2,1.0,different,0.5609576038810378,0.456472153582969,0.10448545029806877,0.2627230488444388,0.5677677640339478,0.5252631578947369,0.40132827324478176,0.12393488464995511,0.31327825023075134,0.6013941698352345,0.01944943435188634,0.86,0.14,10.0,1,0.19414361330270652,-0.0702087286527514,0.83,0.030000000000000027
0.9,1,1.0,different,0.5609576038810378,0.46293480326934044,0.09802280061169732,0.24644027087472214,0.5650111100415524,0.5252631578947369,0.43738140417457305,0.08788175372016382,0.22097939740821043,0.5693976512489772,-0.0101410468915335,0.88,0.12,10.0,1,0.19414361330270652,-0.1062618595825427,0.83,0.050000000000000044
0.9,10,1.0,independent,0.550200379666737,0.4424063866185136,0.10779399304822335,0.27103855869215343,0.5732651489627953,0.4957894736842105,0.2476280834914611,0.2481613901927494,0.671418353249547,0.6827200750830245,0.14036739714452606,0.768,0.232,10.0,1,0.2481613901927494,0.0,0.768,0.0
0.9,5,1.0,independent,0.550200379666737,0.4424063866185136,0.10779399304822335,0.27103855869215343,0.5738652516404358,0.4957894736842105,0.25901328273244784,0.23677619095176267,0.6358359650990006,0.6742190884150744,0.12898219790353932,0.769,0.231,10.0,1,0.2481613901927494,-0.011385199240986743,0.768,0.0010000000000000009
0.9,2,1.0,independent,0.550200379666737,0.4498194259646455,0.10038095370209144,0.2522852014708268,0.5711855657698417,0.4957894736842105,0.31404174573055027,0.18174772795366023,0.4738716904764631,0.6455896744797933,0.0813667742515688,0.789,0.211,10.0,1,0.2481613901927494,-0.06641366223908918,0.768,0.02100000000000002
0.9,1,1.0,independent,0.550200379666737,0.4467781790534119,0.10342220061332508,0.2599731467683896,0.5751648056344355,0.4957894736842105,0.37855787476280833,0.11723159892140217,0.2987161057205388,0.6240815164204008,0.013809398308077092,0.825,0.175,10.0,1,0.2481613901927494,-0.13092979127134724,0.768,0.05699999999999994
0.0,10,0.0,same,0.8389447752001642,0.15445332293899824,0.6844914522611659,2.007649170203137,0.9212949553898435,0.9887295081967213,0.0029182879377431907,0.9858112202589782,5.037950134730345,0.9998058687672867,0.30131976799781224,0.989,0.011,0.0,2,0.9858112202589782,0.0,0.989,0.0
0.0,5,0.0,same,0.8389447752001642,0.15991034885987138,0.6790344263402928,1.9849566829143153,0.9193897874963475,0.9887295081967213,0.01264591439688716,0.9760835937998342,4.518042170183547,0.998733143605077,0.29704916745954146,0.979,0.021,0.0,2,0.9858112202589782,-0.009727626459143934,0.989,-0.010000000000000009
0.0,2,0.0,same,0.8389447752001642,0.16458779964919118,0.6743569755509731,1.9659060304971423,0.9161815787472332,0.9887295081967213,0.05933852140077821,0.9293909867959431,3.841476780902352,0.9889945603227782,0.25503401124497005,0.971,0.029,0.0,2,0.9858112202589782,-0.05642023346303504,0.989,-0.018000000000000016
0.0,1,0.0,same,0.8389447752001642,0.15581757941921653,0.6831271957809477,2.0019271987161438,0.9218824325243865,0.9887295081967213,0.12354085603112841,0.8651886521655929,3.4385929026321933,0.9556620275306107,0.18206145638464521,0.988,0.012,0.0,2,0.9858112202589782,-0.12062256809338523,0.989,-0.0010000000000000009
0.0,10,0.0,different,0.8389447752001642,0.15445332293899824,0.6844914522611659,2.007649170203137,0.9212949553898435,0.9887295081967213,0.0029182879377431907,0.9858112202589782,5.037950134730345,0.9998058687672867,0.30131976799781224,0.989,0.011,0.0,2,0.9858112202589782,0.0,0.989,0.0
0.0,5,0.0,different,0.8389447752001642,0.15991034885987138,0.6790344263402928,1.9849566829143153,0.9193897874963475,0.9887295081967213,0.01264591439688716,0.9760835937998342,4.518042170183547,0.998733143605077,0.29704916745954146,0.979,0.021,0.0,2,0.9858112202589782,-0.009727626459143934,0.989,-0.010000000000000009
0.0,2,0.0,different,0.8389447752001642,0.16458779964919118,0.6743569755509731,1.9659060304971423,0.9161815787472332,0.9887295081967213,0.05933852140077821,0.9293909867959431,3.841476780902352,0.9889945603227782,0.25503401124497005,0.971,0.029,0.0,2,0.9858112202589782,-0.05642023346303504,0.989,-0.018000000000000016
0.0,1,0.0,different,0.8389447752001642,0.15581757941921653,0.6831271957809477,2.0019271987161438,0.9218824325243865,0.9887295081967213,0.12354085603112841,0.8651886521655929,3.4385929026321933,0.9556620275306107,0.18206145638464521,0.988,0.012,0.0,2,0.9858112202589782,-0.12062256809338523,0.989,-0.0010000000000000009
0.0,10,0.0,independent,0.8389447752001642,0.15445332293899824,0.6844914522611659,2.007649170203137,0.9212949553898435,0.9887295081967213,0.0029182879377431907,0.9858112202589782,5.037950134730345,0.9998058687672867,0.30131976799781224,0.989,0.011,0.0,2,0.9858112202589782,0.0,0.989,0.0
0.0,5,0.0,independent,0.8389447752001642,0.15991034885987138,0.6790344263402928,1.9849566829143153,0.9193897874963475,0.9887295081967213,0.01264591439688716,0.9760835937998342,4.518042170183547,0.998733143605077,0.29704916745954146,0.979,0.021,0.0,2,0.9858112202589782,-0.009727626459143934,0.989,-0.010000000000000009
0.0,2,0.0,independent,0.8389447752001642,0.16458779964919118,0.6743569755509731,1.9659060304971423,0.9161815787472332,0.9887295081967213,0.05933852140077821,0.9293909867959431,3.841476780902352,0.9889945603227782,0.25503401124497005,0.971,0.029,0.0,2,0.9858112202589782,-0.05642023346303504,0.989,-0.018000000000000016
0.0,1,0.0,independent,0.8389447752001642,0.15581757941921653,0.6831271957809477,2.0019271987161438,0.9218824325243865,0.9887295081967213,0.12354085603112841,0.8651886521655929,3.4385929026321933,0.9556620275306107,0.18206145638464521,0.988,0.012,0.0,2,0.9858112202589782,-0.12062256809338523,0.989,-0.0010000000000000009
0.0,10,0.5,same,0.8498254978443851,0.14607289027480022,0.7037526075695849,2.0891112807719807,0.9290835805004183,0.9887295081967213,0.0048638132295719845,0.9838656949671494,4.86649005730742,0.9998198782376887,0.28011308739756446,0.992,0.008,4.969,2,0.9838656949671494,0.0,0.992,0.0
0.0,5,0.5,same,0.8498254978443851,0.1503605534983434,0.6994649443460417,2.0705734938995017,0.9272344504885303,0.9887295081967213,0.010700389105058366,0.978029119091663,4.581964344610162,0.9989092626615592,0.27856417474562134,0.98,0.02,4.969,2,0.9838656949671494,-0.005836575875486361,0.992,-0.01200000000000001
0.0,2,0.5,same,0.8498254978443851,0.15211459754433834,0.6977109003000468,2.0630915343628704,0.9238315101008282,0.9887295081967213,0.04961089494163424,0.939118613255087,3.9297642836501883,0.989116642850567,0.24140771295504027,0.965,0.035,4.969,2,0.9838656949671494,-0.04474708171206232,0.992,-0.027000000000000024
0.0,1,0.5,same,0.8498254978443851,0.13964139543948548,0.7101841024048996,2.1176171489806936,0.9297124055861763,0.9887295081967213,0.11381322957198443,0.8749162786247369,3.4876217304188497,0.9556039882960882,0.16473217621983727,0.984,0.016,4.969,2,0.9838656949671494,-0.10894941634241251,0.992,-0.008000000000000007
0.0,10,0.5,different,0.8800041059330733,0.1164490352757747,0.7635550706572987,2.3679340455533233,0.9491832478755639,0.9866803278688525,0.0029182879377431907,0.9837620399311093,4.973586215561765,0.9997138065332165,0.22020696927381067,0.992,0.008,4.969,2,0.9837620399311093,0.0,0.992,0.0
0.0,5,0.5,different,0.8800041059330733,0.12443968037419606,0.7555644255588773,2.3280829054496124,0.9463362833275294,0.9866803278688525,0.014591439688715954,0.9720888881801366,4.397769484730997,0.9989492897198506,0.21652446262125935,0.986,0.014,4.969,2,0.9837620399311093,-0.011673151750972721,0.992,-0.006000000000000005
0.0,2,0.5,different,0.8800041059330733,0.13808224517637888,0.7419218607566944,2.26398327027566,0.9389955609992355,0.9866803278688525,0.05544747081712062,0.9312328570517319,3.8109457203102064,0.9900072448975508,0.18931099629503745,0.977,0.023,4.969,2,0.9837620399311093,-0.05252918287937747,0.992,-0.015000000000000013
0.0,1,0.5,different,0.8800041059330733,0.13964139543948548,0.7403627104935878,2.2569392135394777,0.9395486548907062,0.9866803278688525,0.11381322957198443,0.872867098296868,3.42325781125027,0.9615580132169347,0.13250438780328022,0.984,0.016,4.969,2,0.9837620399311093,-0.1108949416342413,0.992,-0.008000000000000007
0.0,10,0.5,independent,0.8812358858550605,0.11781329175599298,0.7634225940990675,2.3671766963928342,0.949874995496956,0.992827868852459,0.0029182879377431907,0.9899095809147158,5.205348621267435,0.9999539688829648,0.22648698681564827,0.994,0.006,4.969,2,0.9899095809147158,0.0,0.994,0.0
0.0,5,0.5,independent,0.8812358858550605,0.12171116741375951,0.759524718441301,2.3476628308388854,0.947999367572479,0.992827868852459,0.0048638132295719845,0.987964055622887,5.03388854384451,0.9998118728260303,0.22843933718158604,0.993,0.007,4.969,2,0.9899095809147158,-0.0019455252918287869,0.994,-0.0010000000000000009
0.0,2,0.5,independent,0.8812358858550605,0.1263886182030793,0.7548472676519812,2.3248172509005984,0.944554278692396,0.992827868852459,0.026264591439688716,0.9665632774127703,4.387296005888965,0.9977264630890482,0.21171600976078908,0.984,0.016,4.969,2,0.9899095809147158,-0.023346303501945553,0.994,-0.010000000000000009
0.0,1,0.5,independent,0.8812358858550605,0.11683882284155135,0.7643970630135092,2.372126256531523,0.9491985382118312,0.992827868852459,0.061284046692607,0.931543822159852,3.9926081788500074,0.9920346154000104,0.1671467591463428,0.981,0.019,4.969,2,0.9899095809147158,-0.05836575875486383,0.994,-0.013000000000000012
0.0,10,1.0,same,0.8590638472592896,0.13632820113038394,0.7227356461289057,2.173088540905672,0.9372114349300127,0.9907786885245902,0.0009727626459143969,0.9898059258786758,5.455034138215817,0.9999759837650252,0.26707027974977005,0.993,0.007,10.0,2,0.9898059258786758,0.0,0.993,0.0
0.0,5,1.0,same,0.8590638472592896,0.14314948353147536,0.7159143637278143,2.1423987184880326,0.9354755814930893,0.9907786885245902,0.0029182879377431907,0.987860400586847,5.113433622284688,0.999301527832815,0.27194603685903274,0.982,0.018,10.0,2,0.9898059258786758,-0.0019455252918287869,0.993,-0.01100000000000001
0.0,2,1.0,same,0.8590638472592896,0.14607289027480022,0.7129909569844894,2.1295489047550804,0.9321344428833892,0.9907786885245902,0.03988326848249027,0.9508954200420999,4.1086519162270125,0.9907737630638311,0.23790446305761048,0.953,0.047,10.0,2,0.9898059258786758,-0.03891050583657585,0.993,-0.040000000000000036
0.0,1,1.0,same,0.8590638472592896,0.13262521925550574,0.7264386280037839,2.190189891131017,0.9376857555707658,0.9907786885245902,0.10797665369649806,0.882802034828092,3.5939700460507016,0.9556079910019173,0.15636340682430816,0.987,0.013,10.0,2,0.9898059258786758,-0.10700389105058372,0.993,-0.006000000000000005
0.0,10,1.0,different,0.9157257236707042,0.07552134086922627,0.8402043828014779,2.812740829770062,0.9757272316085674,0.9887295081967213,0.0029182879377431907,0.9858112202589782,5.037950134730345,0.9998919269426132,0.14560683745750025,0.992,0.008,10.0,2,0.9858112202589782,0.0,0.992,0.0
0.0,5,1.0,different,0.9157257236707042,0.08994348080296238,0.8257822428677417,2.7179857433557646,0.9725098566631043,0.9887295081967213,0.006809338521400778,0.9819201696753206,4.748293288289689,0.9990013248956294,0.15613792680757888,0.986,0.014,10.0,2,0.9858112202589782,-0.0038910505836575737,0.992,-0.006000000000000005
0.0,2,1.0,different,0.9157257236707042,0.1148898850126681,0.8008358386580361,2.577808938508679,0.9615977200587598,0.9887295081967213,0.05155642023346303,0.9371730879632583,3.9110724728612034,0.991468232525187,0.13633724930522217,0.983,0.017,10.0,2,0.9858112202589782,-0.048638132295719894,0.992,-0.009000000000000008
0.0,1,1.0,different,0.9157257236707042,0.13262521925550574,0.7831005044151984,2.4909495976113485,0.9564421949237685,0.9887295081967213,0.10797665369649806,0.8807528545002232,3.518486558496357,0.9669636674391889,0.09765235008502482,0.987,0.013,10.0,2,0.9858112202589782,-0.10505836575875493,0.992,-0.0050000000000000044
0.0,10,1.0,independent,0.9204475467049887,0.07980900409276943,0.8406385426122193,2.8144458137120196,0.977197465486669,0.9969262295081968,0.0009727626459143969,0.9959534668622824,5.8382307711923715,1.0,0.1553149242500631,0.999,0.001,10.0,2,0.9959534668622824,0.0,0.999,0.0
0.0,5,1.0,independent,0.9204475467049887,0.08292730461898265,0.8375202420860061,2.793735722373891,0.9764118944406419,0.9969262295081968,0.0009727626459143969,0.9959534668622824,5.8382307711923715,0.9999979986470854,0.1584332247762763,0.998,0.002,10.0,2,0.9959534668622824,0.0,0.999,-0.0010000000000000009
0.0,2,1.0,independent,0.9204475467049887,0.0833170921847593,0.8371304545202294,2.7911884320272002,0.9750753109101753,0.9969262295081968,0.0029182879377431907,0.9940079415704536,5.496630255261243,0.9999739824121106,0.1568774870502242,0.992,0.008,10.0,2,0.9959534668622824,-0.0019455252918287869,0.999,-0.007000000000000006
0.0,1,1.0,independent,0.9204475467049887,0.07708049113233288,0.8433670555726559,2.8330752819162823,0.9771189724253595,0.9969262295081968,0.01264591439688716,0.9842803151113096,4.976722290714445,0.9991174033646745,0.14091325953865375,0.992,0.008,10.0,2,0.9959534668622824,-0.011673151750972721,0.999,-0.007000000000000006
0.3,10,0.0,same,0.7529254773147198,0.2431299941531865,0.5097954831615333,1.3799942958064357,0.838140022655315,0.9272540983606558,0.026264591439688716,0.900989506920967,3.3944126824822662,0.9926910591559894,0.3911940237594337,0.955,0.045,0.0,2,0.900989506920967,0.0,0.955,0.0
0.3,5,0.0,same,0.7529254773147198,0.24254531280452155,0.5103801645101983,1.3818630968185976,0.8359591884113661,0.9272540983606558,0.04961089494163424,0.8776432034190215,3.10427944678058,0.9847757083788641,0.36726303890882317,0.938,0.062,0.0,2,0.900989506920967,-0.023346303501945553,0.955,-0.017000000000000015
0.3,2,0.0,same,0.7529254773147198,0.24917170142272463,0.5037537758919952,1.3608232560842568,0.8323424234782714,0.9272540983606558,0.09824902723735408,0.8290050711233017,2.7472345217833647,0.9513130876472495,0.32525129523130647,0.917,0.083,0.0,2,0.900989506920967,-0.07198443579766534,0.955,-0.03799999999999992
0.3,1,0.0,same,0.7529254773147198,0.2363087117520951,0.5166167655626247,1.4019515176887603,0.8403466743518618,0.9272540983606558,0.17023346303501946,0.7570206353256363,2.4088843805904983,0.8871617213236148,0.24040386976301165,0.951,0.049,0.0,2,0.900989506920967,-0.14396887159533067,0.955,-0.0040000000000000036
0.3,10,0.0,different,0.7529254773147198,0.2431299941531865,0.5097954831615333,1.3799942958064357,0.838140022655315,0.9272540983606558,0.026264591439688716,0.900989506920967,3.3944126824822662,0.9926910591559894,0.3911940237594337,0.955,0.045,0.0,2,0.900989506920967,0.0,0.955,0.0
0.3,5,0.0,different,0.7529254773147198,0.24254531280452155,0.5103801645101983,1.3818630968185976,0.8359591884113661,0.9272540983606558,0.04961089494163424,0.8776432034190215,3.10427944678058,0.9847757083788641,0.36726303890882317,0.938,0.062,0.0,2,0.900989506920967,-0.023346303501945553,0.955,-0.017000000000000015
0.3,2,0.0,different,0.7529254773147198,0.24917170142272463,0.5037537758919952,1.3608232560842568,0.8323424234782714,0.9272540983606558,0.09824902723735408,0.8290050711233017,2.7472345217833647,0.9513130876472495,0.32525129523130647,0.917,0.083,0.0,2,0.900989506920967,-0.07198443579766534,0.955,-0.03799999999999992
0.3,1,0.0,different,0.7529254773147198,0.2363087117520951,0.5166167655626247,1.4019515176887603,0.8403466743518618,0.9272540983606558,0.17023346303501946,0.7570206353256363,2.4088843805904983,0.8871617213236148,0.24040386976301165,0.951,0.049,0.0,2,0.900989506920967,-0.14396887159533067,0.955,-0.0040000000000000036
0.3,10,0.0,independent,0.7529254773147198,0.2431299941531865,0.5097954831615333,1.3799942958064357,0.838140022655315,0.9272540983606558,0.026264591439688716,0.900989506920967,3.3944126824822662,0.9926910591559894,0.3911940237594337,0.955,0.045,0.0,2,0.900989506920967,0.0,0.955,0.0
0.3,5,0.0,independent,0.7529254773147198,0.24254531280452155,0.5103801645101983,1.3818630968185976,0.8359591884113661,0.9272540983606558,0.04961089494163424,0.8776432034190215,3.10427944678058,0.9847757083788641,0.36726303890882317,0.938,0.062,0.0,2,0.900989506920967,-0.023346303501945553,0.955,-0.017000000000000015
0.3,2,0.0,independent,0.7529254773147198,0.24917170142272463,0.5037537758919952,1.3608232560842568,0.8323424234782714,0.9272540983606558,0.09824902723735408,0.8290050711233017,2.7472345217833647,0.9513130876472495,0.32525129523130647,0.917,0.083,0.0,2,0.900989506920967,-0.07198443579766534,0.955,-0.03799999999999992
0.3,1,0.0,independent,0.7529254773147198,0.2363087117520951,0.5166167655626247,1.4019515176887603,0.8403466743518618,0.9272540983606558,0.17023346303501946,0.7570206353256363,2.4088843805904983,0.8871617213236148,0.24040386976301165,0.951,0.049,0.0,2,0.900989506920967,-0.14396887159533067,0.955,-0.0040000000000000036
0.3,10,0.5,same,0.7625744200369534,0.23104657961411032,0.5315278404228431,1.4500127641965699,0.8476955221729889,0.9272540983606558,0.01848249027237354,0.9087716080882822,3.5417919369804043,0.9932274217370943,0.3772437676654391,0.951,0.049,4.969,2,0.9087716080882822,0.0,0.951,0.0
0.3,5,0.5,same,0.7625744200369534,0.23319041122588188,0.5293840088110715,1.4429885212557811,0.8457195063863171,0.9272540983606558,0.05544747081712062,0.8718066275435351,3.0498248026091774,0.984189311974895,0.3424226187324636,0.944,0.056,4.969,2,0.9087716080882822,-0.03696498054474706,0.951,-0.007000000000000006
0.3,2,0.5,same,0.7625744200369534,0.23689339310076007,0.5256810269361933,1.430939555912843,0.8417500230155586,0.9272540983606558,0.10214007782101167,0.8251140205396441,2.72509258781479,0.9529942240954885,0.29943299360345077,0.918,0.082,4.969,2,0.9087716080882822,-0.08365758754863806,0.951,-0.03299999999999992
0.3,1,0.5,same,0.7625744200369534,0.2240304034301306,0.5385440166068228,1.4732601442099302,0.8503515576529734,0.9272540983606558,0.16634241245136186,0.7609116859092939,2.424361477799054,0.8863431679815555,0.2223676693024711,0.953,0.047,4.969,2,0.9087716080882822,-0.14785992217898825,0.951,0.0020000000000000018
0.3,10,0.5,different,0.7980907411209197,0.2016176183979731,0.5964731227229466,1.670678179537235,0.8756906869043474,0.9456967213114754,0.01848249027237354,0.9272142310391018,3.690638495865005,0.9942200927827212,0.3307411083161552,0.966,0.034,4.969,2,0.9272142310391018,0.0,0.966,0.0
0.3,5,0.5,different,0.7980907411209197,0.20726953810173457,0.5908212030191852,1.6507528858247007,0.8717559069931273,0.9456967213114754,0.04377431906614786,0.9019224022453276,3.3129607238349186,0.9902634180706157,0.31110119922614243,0.963,0.037,4.969,2,0.9272142310391018,-0.02529182879377423,0.966,-0.0030000000000000027
0.3,2,0.5,different,0.7980907411209197,0.2226661469499123,0.5754245941710074,1.598040816440305,0.8621797134863167,0.9456967213114754,0.12159533073929961,0.8241013905721758,2.771536667207576,0.9546393361912653,0.24867679640116835,0.958,0.042,4.969,2,0.9272142310391018,-0.10311284046692604,0.966,-0.008000000000000007
0.3,1,0.5,different,0.7980907411209197,0.2240304034301306,0.5740603376907891,1.593472886272232,0.8636204474224576,0.9456967213114754,0.16634241245136186,0.7793543088601136,2.5732080366836545,0.8968902978413408,0.20529397116932446,0.965,0.035,4.969,2,0.9272142310391018,-0.14785992217898825,0.966,-0.0010000000000000009
0.3,10,0.5,independent,0.8007595976185589,0.20142272461508479,0.599336873003474,1.6808877551195356,0.8764016475137193,0.9682377049180327,0.01264591439688716,0.9555917905211456,4.092417913944436,0.9977244617361336,0.3562549175176716,0.974,0.026,4.969,2,0.9555917905211456,0.0,0.974,0.0
0.3,5,0.5,independent,0.8007595976185589,0.2016176183979731,0.5991419792205858,1.6801947678950833,0.8739403836993808,0.9682377049180327,0.024319066147859923,0.9439186387701728,3.8272520648052346,0.996227449756035,0.34477665954958703,0.963,0.037,4.969,2,0.9555917905211456,-0.011673151750972832,0.974,-0.01100000000000001
0.3,2,0.5,independent,0.8007595976185589,0.20863379458195283,0.592125803036606,1.6555083617841766,0.8695780747785503,0.9682377049180327,0.06712062256809338,0.9011170823499394,3.3530863520799805,0.9833227261628861,0.30899127931333337,0.953,0.047,4.969,2,0.9555917905211456,-0.054474708171206254,0.974,-0.02100000000000002
0.3,1,0.5,independent,0.8007595976185589,0.1977197427402066,0.6030398548783522,1.6941318098730092,0.8767879886803479,0.9682377049180327,0.11186770428015565,0.856370000637877,3.0721571449582012,0.9544472063114665,0.25333014575952484,0.962,0.038,4.969,2,0.9555917905211456,-0.09922178988326857,0.974,-0.01200000000000001
0.3,10,1.0,same,0.769554506261548,0.21935295264081076,0.5502015536207372,1.5117608466535994,0.8582811580628504,0.9375,0.014591439688715954,0.9229085603112841,3.715127806080548,0.9950006204194035,0.3727070066905469,0.958,0.042,10.0,2,0.9229085603112841,0.0,0.958,0.0
0.3,5,1.0,same,0.769554506261548,0.22383550964724225,0.5457189966143057,1.4966840133421322,0.8563323206487585,0.9375,0.047665369649805445,0.8898346303501945,3.202044924065877,0.985558237368461,0.3441156337358888,0.948,0.052,10.0,2,0.9229085603112841,-0.0330739299610896,0.958,-0.010000000000000009
0.3,2,1.0,same,0.769554506261548,0.22812317287078543,0.5414313333907625,1.4824224789418383,0.8521910011167549,0.9375,0.09046692607003891,0.8470330739299611,2.872005775785631,0.9539949005527737,0.30560174053919853,0.911,0.089,10.0,2,0.9229085603112841,-0.07587548638132302,0.958,-0.04699999999999993
0.3,1,1.0,same,0.769554506261548,0.21681933346326251,0.5527351727982854,1.5203608282381709,0.8607589930793216,0.9375,0.17801556420233464,0.7594844357976653,2.4570746389722578,0.8816940251610088,0.2067492629993799,0.967,0.033,10.0,2,0.9229085603112841,-0.16342412451361876,0.958,0.009000000000000008
0.3,10,1.0,different,0.8334017655512215,0.15893587994542974,0.6744658856057917,1.9665364143809543,0.9165090801381734,0.9579918032786885,0.016536964980544747,0.9414548382981437,3.8590275896378134,0.9966817568676425,0.266988952692352,0.967,0.033,10.0,2,0.9414548382981437,0.0,0.967,0.0
0.3,5,1.0,different,0.8334017655512215,0.16887546287273436,0.6645263026784871,1.9263140809868151,0.9111066681076407,0.9579918032786885,0.03988326848249027,0.9181085347961983,3.479885188156172,0.9913141283507652,0.25358223211771114,0.965,0.035,10.0,2,0.9414548382981437,-0.023346303501945442,0.967,-0.0020000000000000018
0.3,2,1.0,different,0.8334017655512215,0.19732995517442994,0.6360718103767915,1.8188925282030515,0.8950617817644728,0.9579918032786885,0.11770428015564202,0.8402875231230464,2.914384306365122,0.9576473696218644,0.20421571274625494,0.965,0.035,10.0,2,0.9414548382981437,-0.10116731517509725,0.967,-0.0020000000000000018
0.3,1,1.0,different,0.8334017655512215,0.21681933346326251,0.6165824320879589,1.7506758178601949,0.8869777169366492,0.9579918032786885,0.17801556420233464,0.7799762390763538,2.6507969962747886,0.9024980887079666,0.1633938069883949,0.971,0.029,10.0,2,0.9414548382981437,-0.16147859922178986,0.967,0.0040000000000000036
0.3,10,1.0,independent,0.8436665982344488,0.1585460923796531,0.6851205058547957,2.010093312510473,0.9193985534221133,0.9887295081967213,0.0048638132295719845,0.9838656949671494,4.86649005730742,0.999813874178945,0.2987451891123537,0.99,0.01,10.0,2,0.9838656949671494,0.0,0.99,0.0
0.3,5,1.0,independent,0.8436665982344488,0.15698694211654649,0.6866796561179023,2.0165606933279014,0.9181499493657712,0.9887295081967213,0.0029182879377431907,0.9858112202589782,5.037950134730345,0.999771845767739,0.2991315641410759,0.979,0.021,10.0,2,0.9838656949671494,0.0019455252918287869,0.99,-0.01100000000000001
0.3,2,1.0,independent,0.8436665982344488,0.16361333073474957,0.6800532674996992,1.989357395820083,0.9158136900544769,0.9887295081967213,0.02237354085603113,0.9663559673406902,4.2881503850267535,0.9983288703163339,0.286302699840991,0.978,0.022,10.0,2,0.9838656949671494,-0.017509727626459193,0.99,-0.01200000000000001
0.3,1,1.0,independent,0.8436665982344488,0.15523289807055154,0.6884337001638973,2.0238872112332205,0.9202499689790298,0.9887295081967213,0.047665369649805445,0.9410641385469158,3.949050521884905,0.9937357653773952,0.2526304383830186,0.975,0.025,10.0,2,0.9838656949671494,-0.04280155642023353,0.99,-0.015000000000000013
0.6,10,0.0,same,0.6515089304044344,0.3464236990839992,0.30508523132043514,0.7843913642287133,0.7128784258158515,0.7469262295081968,0.09824902723735408,0.6486772022708427,1.9564414932269392,0.9171119676901586,0.34359197095040755,0.851,0.149,0.0,2,0.6486772022708427,0.0,0.851,0.0
0.6,5,0.0,same,0.6515089304044344,0.343890079906451,0.3076188504979834,0.7912668538522585,0.7109108157114209,0.7469262295081968,0.14688715953307394,0.6000390699751228,1.7147260343059196,0.8912464826222526,0.2924202194771394,0.851,0.149,0.0,2,0.6486772022708427,-0.048638132295719894,0.851,0.0
0.6,2,0.0,same,0.6515089304044344,0.3456441239524459,0.30586480645198844,0.7865048963516856,0.7072693540833603,0.7469262295081968,0.1916342412451362,0.5552919882630606,1.536738106446323,0.8440265619558822,0.24942718181107215,0.838,0.162,0.0,2,0.6486772022708427,-0.0933852140077821,0.851,-0.013000000000000012
0.6,1,0.0,same,0.6515089304044344,0.3333658156304814,0.31814311477395296,0.8200354412588056,0.7169204382162342,0.7469262295081968,0.2694552529182879,0.47747097658990884,1.2793096267332256,0.7778718413647626,0.15932786181595587,0.889,0.111,0.0,2,0.6486772022708427,-0.17120622568093385,0.851,0.038000000000000034
0.6,10,0.0,different,0.6515089304044344,0.3464236990839992,0.30508523132043514,0.7843913642287133,0.7128784258158515,0.7469262295081968,0.09824902723735408,0.6486772022708427,1.9564414932269392,0.9171119676901586,0.34359197095040755,0.851,0.149,0.0,2,0.6486772022708427,0.0,0.851,0.0
0.6,5,0.0,different,0.6515089304044344,0.343890079906451,0.3076188504979834,0.7912668538522585,0.7109108157114209,0.7469262295081968,0.14688715953307394,0.6000390699751228,1.7147260343059196,0.8912464826222526,0.2924202194771394,0.851,0.149,0.0,2,0.6486772022708427,-0.048638132295719894,0.851,0.0
0.6,2,0.0,different,0.6515089304044344,0.3456441239524459,0.30586480645198844,0.7865048963516856,0.7072693540833603,0.7469262295081968,0.1916342412451362,0.5552919882630606,1.536738106446323,0.8440265619558822,0.24942718181107215,0.838,0.162,0.0,2,0.6486772022708427,-0.0933852140077821,0.851,-0.013000000000000012
0.6,1,0.0,different,0.6515089304044344,0.3333658156304814,0.31814311477395296,0.8200354412588056,0.7169204382162342,0.7469262295081968,0.2694552529182879,0.47747097658990884,1.2793096267332256,0.7778718413647626,0.15932786181595587,0.889,0.111,0.0,2,0.6486772022708427,-0.17120622568093385,0.851,0.038000000000000034
0.6,10,0.0,independent,0.6515089304044344,0.3464236990839992,0.30508523132043514,0.7843913642287133,0.7128784258158515,0.7469262295081968,0.09824902723735408,0.6486772022708427,1.9564414932269392,0.9171119676901586,0.34359197095040755,0.851,0.149,0.0,2,0.6486772022708427,0.0,0.851,0.0
0.6,5,0.0,independent,0.6515089304044344,0.343890079906451,0.3076188504979834,0.7912668538522585,0.7109108157114209,0.7469262295081968,0.14688715953307394,0.6000390699751228,1.7147260343059196,0.8912464826222526,0.2924202194771394,0.851,0.149,0.0,2,0.6486772022708427,-0.048638132295719894,0.851,0.0
0.6,2,0.0,independent,0.6515089304044344,0.3456441239524459,0.30586480645198844,0.7865048963516856,0.7072693540833603,0.7469262295081968,0.1916342412451362,0.5552919882630606,1.536738106446323,0.8440265619558822,0.24942718181107215,0.838,0.162,0.0,2,0.6486772022708427,-0.0933852140077821,0.851,-0.013000000000000012
0.6,1,0.0,independent,0.6515089304044344,0.3333658156304814,0.31814311477395296,0.8200354412588056,0.7169204382162342,0.7469262295081968,0.2694552529182879,0.47747097658990884,1.2793096267332256,0.7778718413647626,0.15932786181595587,0.889,0.111,0.0,2,0.6486772022708427,-0.17120622568093385,0.851,0.038000000000000034
0.6,10,0.5,same,0.658899609936358,0.33862794776846616,0.3202716621678918,0.8256724314938285,0.720588037513359,0.7776639344262295,0.08073929961089495,0.6969246348153345,2.164443400891221,0.9266844386805481,0.3766529726474427,0.868,0.132,4.969,2,0.6969246348153345,0.0,0.868,0.0
0.6,5,0.5,same,0.658899609936358,0.3380432664198012,0.3208563435165568,0.8272711445961659,0.7189421248764165,0.7776639344262295,0.14299610894941633,0.6346678254768132,1.8312823148336483,0.8975467415973198,0.31381148196025643,0.87,0.13,4.969,2,0.6969246348153345,-0.06225680933852129,0.868,0.0020000000000000018
0.6,2,0.5,same,0.658899609936358,0.34057688559734944,0.31832272433900854,0.8203510348409337,0.7148895453326448,0.7776639344262295,0.1877431906614786,0.5899207437647509,1.6505708503270076,0.8455415861122119,0.27159801942574235,0.845,0.155,4.969,2,0.6969246348153345,-0.10700389105058361,0.868,-0.02300000000000002
0.6,1,0.5,same,0.658899609936358,0.32557006431494834,0.33332954562140965,0.8616406906303031,0.7252810099627348,0.7776639344262295,0.2772373540856031,0.5004265803406264,1.355395676301948,0.7738070935952704,0.16709703471921672,0.907,0.093,4.969,2,0.6969246348153345,-0.19649805447470814,0.868,0.039000000000000035
0.6,10,0.5,different,0.6855881749127489,0.31465601247320213,0.3709321624395468,0.9660786413755194,0.7460339589562545,0.7858606557377049,0.09046692607003891,0.695393729667666,2.130025849627952,0.9289379620623541,0.3244615672281192,0.883,0.117,4.969,2,0.695393729667666,0.0,0.883,0.0
0.6,5,0.5,different,0.6855881749127489,0.3214772948742935,0.36411088003845543,0.9469549960616084,0.7422037697483499,0.7858606557377049,0.1507782101167315,0.6350824456209734,1.8252420780949519,0.9028363173505289,0.27097156558251795,0.877,0.123,4.969,2,0.695393729667666,-0.060311284046692615,0.883,-0.006000000000000005
0.6,2,0.5,different,0.6855881749127489,0.3306373026700448,0.3549508722427041,0.9215372983183293,0.733202805096245,0.7858606557377049,0.2247081712062257,0.5611524845314793,1.5485290489083448,0.8455575969355285,0.20620161228877515,0.893,0.107,4.969,2,0.695393729667666,-0.13424124513618674,0.883,0.010000000000000009
0.6,1,0.5,different,0.6855881749127489,0.32557006431494834,0.3600181105978006,0.9355621049302631,0.7374190953084285,0.7858606557377049,0.2772373540856031,0.5086233016521018,1.3832088444893142,0.7854949946163606,0.1486051910543012,0.909,0.091,4.969,2,0.695393729667666,-0.1867704280155642,0.883,0.026000000000000023
0.6,10,0.5,independent,0.6876411414493944,0.32128240109140516,0.3663587403579892,0.9532908995566141,0.7456840824397293,0.826844262295082,0.07490272373540856,0.7519415385596735,2.3819869216002627,0.9525559278071977,0.3855827982016843,0.879,0.121,4.969,2,0.7519415385596735,0.0,0.879,0.0
0.6,5,0.5,independent,0.6876411414493944,0.3214772948742935,0.36616384657510087,0.9527468889359263,0.7435798599853501,0.826844262295082,0.11575875486381323,0.7110855074312687,2.1382268621116776,0.9326464690130528,0.3449216608561679,0.882,0.118,4.969,2,0.7519415385596735,-0.040856031128404746,0.879,0.0030000000000000027
0.6,2,0.5,independent,0.6876411414493944,0.325959851880725,0.36168128956866935,0.9402720384951866,0.739405237940848,0.826844262295082,0.1566147859922179,0.6702294763028641,1.9502364785614736,0.8928215473660194,0.30854818673419476,0.871,0.129,4.969,2,0.7519415385596735,-0.08171206225680938,0.879,-0.008000000000000007
0.6,1,0.5,independent,0.6876411414493944,0.31270707464431885,0.3749340668050755,0.9773667054728099,0.7484671237756724,0.826844262295082,0.23054474708171208,0.5962995152133699,1.678821943059646,0.8448811396504037,0.22136544840829436,0.907,0.093,4.969,2,0.7519415385596735,-0.15564202334630362,0.879,0.028000000000000025
0.6,10,1.0,same,0.6648532128926299,0.3290781524069382,0.33577506048569167,0.868205217798574,0.7298206387517963,0.7797131147540983,0.06712062256809338,0.712592492186005,2.2688091418765266,0.9353062670365166,0.3768174317003133,0.869,0.131,10.0,2,0.712592492186005,0.0,0.869,0.0
0.6,5,1.0,same,0.6648532128926299,0.3282985772753849,0.33655463561724497,0.870361305900502,0.7281894960993631,0.7797131147540983,0.13910505836575876,0.6406080563883396,1.855573608959744,0.9065368188895694,0.30405342077109465,0.875,0.125,10.0,2,0.712592492186005,-0.07198443579766534,0.869,0.006000000000000005
0.6,2,1.0,same,0.6648532128926299,0.33356070941336974,0.33129250347926015,0.8558471648372352,0.7237926838542855,0.7797131147540983,0.18385214007782102,0.5958609746762773,1.6720065998744305,0.8467644127430143,0.26456847119701715,0.842,0.158,10.0,2,0.712592492186005,-0.11673151750972766,0.869,-0.027000000000000024
0.6,1,1.0,same,0.6648532128926299,0.31660495030208535,0.34824826259054453,0.90295890703071,0.7344579335630886,0.7797131147540983,0.2830739299610895,0.49663918479300884,1.3449586120632242,0.7667363137480937,0.1483909222024643,0.921,0.079,10.0,2,0.712592492186005,-0.21595330739299612,0.869,0.052000000000000046
0.6,10,1.0,different,0.7139191131184561,0.2844474761255116,0.42947163699294455,1.134550325173052,0.7846940932070079,0.8165983606557377,0.0963035019455253,0.7202948587102124,2.205383045460496,0.9355444280333506,0.2908232217172678,0.902,0.098,10.0,2,0.7202948587102124,0.0,0.902,0.0
0.6,5,1.0,different,0.7139191131184561,0.29419216526992786,0.41972694784852826,1.1060494382326933,0.7793496003298229,0.8165983606557377,0.14688715953307394,0.6697112011226637,1.9523552382678853,0.9118544135835825,0.24998425327413543,0.896,0.104,10.0,2,0.7202948587102124,-0.05058365758754868,0.902,-0.006000000000000005
0.6,2,1.0,different,0.7139191131184561,0.3056908984603391,0.40822821465811704,1.0729726348992452,0.7644578535089721,0.8165983606557377,0.22859922178988326,0.5879991388658544,1.6459453894072071,0.8518258342639624,0.17977092420773738,0.918,0.082,10.0,2,0.7202948587102124,-0.13229571984435795,0.902,0.016000000000000014
0.6,1,1.0,different,0.7139191131184561,0.31660495030208535,0.3973141628163708,1.0420843908511042,0.7586478859709164,0.8165983606557377,0.2830739299610895,0.5335244306946482,1.4762114170417204,0.7878505869968099,0.1362102678782774,0.933,0.067,10.0,2,0.7202948587102124,-0.1867704280155642,0.902,0.031000000000000028
0.6,10,1.0,independent,0.715356189694108,0.2852270512570649,0.4301291384370431,1.136483814308805,0.7884518334394051,0.8780737704918032,0.04182879377431906,0.8362449767174842,2.8952586650963728,0.9784874575212844,0.4061158382804411,0.904,0.096,10.0,2,0.8362449767174842,0.0,0.904,0.0
0.6,5,1.0,independent,0.715356189694108,0.28347300721107,0.431883182483038,1.1416560011537695,0.7870981183279897,0.8780737704918032,0.07490272373540856,0.8031710467563947,2.6056305202979306,0.9701278063971245,0.37128786427335675,0.899,0.101,10.0,2,0.8362449767174842,-0.03307392996108949,0.904,-0.0050000000000000044
0.6,2,1.0,independent,0.715356189694108,0.2973104657961411,0.41804572389796685,1.101252670462797,0.7838742990261417,0.8780737704918032,0.11575875486381323,0.76231501562799,2.3618704608093455,0.9402416033238469,0.34426929173002313,0.891,0.109,10.0,2,0.8362449767174842,-0.07392996108949423,0.904,-0.013000000000000012
0.6,1,1.0,independent,0.715356189694108,0.2844474761255116,0.4309087135685964,1.138780682131696,0.7907491864500402,0.8780737704918032,0.16828793774319067,0.7097858327486126,2.126364363903875,0.9172340502179473,0.27887711918001623,0.909,0.091,10.0,2,0.8362449767174842,-0.1264591439688716,0.904,0.0050000000000000044
0.9,10,0.0,same,0.5402381441182509,0.45575911128435004,0.08447903283390085,0.21215743686066263,0.5550471718881964,0.46209016393442626,0.2811284046692607,0.18096175926516556,0.48432330968209575,0.6463869575833263,0.09648272643126471,0.746,0.254,0.0,2,0.18096175926516556,0.0,0.746,0.0
0.9,5,0.0,same,0.5402381441182509,0.456343792633015,0.08389435148523589,0.2106829015063006,0.5536336563516937,0.46209016393442626,0.316147859922179,0.14594230401224728,0.38332877572924934,0.6319391908930437,0.062047952527011396,0.769,0.231,0.0,2,0.18096175926516556,-0.035019455252918275,0.746,0.02300000000000002
0.9,2,0.0,same,0.5402381441182509,0.4621906061196648,0.0780475379985861,0.19595011802794313,0.5500597203709707,0.46209016393442626,0.3414396887159533,0.12065047521847294,0.31336779584972335,0.603800168914186,0.04260293721988684,0.768,0.232,0.0,2,0.18096175926516556,-0.060311284046692615,0.746,0.02200000000000002
0.9,1,0.0,same,0.5402381441182509,0.4489378288832586,0.09130031523499227,0.22937907088237502,0.5600462712793849,0.46209016393442626,0.39007782101167315,0.0720123429227531,0.18394687862507375,0.5874931453662676,-0.019287972312239166,0.816,0.184,0.0,2,0.18096175926516556,-0.10894941634241245,0.746,0.06999999999999995
0.9,10,0.0,different,0.5402381441182509,0.45575911128435004,0.08447903283390085,0.21215743686066263,0.5550471718881964,0.46209016393442626,0.2811284046692607,0.18096175926516556,0.48432330968209575,0.6463869575833263,0.09648272643126471,0.746,0.254,0.0,2,0.18096175926516556,0.0,0.746,0.0
0.9,5,0.0,different,0.5402381441182509,0.456343792633015,0.08389435148523589,0.2106829015063006,0.5536336563516937,0.46209016393442626,0.316147859922179,0.14594230401224728,0.38332877572924934,0.6319391908930437,0.062047952527011396,0.769,0.231,0.0,2,0.18096175926516556,-0.035019455252918275,0.746,0.02300000000000002
0.9,2,0.0,different,0.5402381441182509,0.4621906061196648,0.0780475379985861,0.19595011802794313,0.5500597203709707,0.46209016393442626,0.3414396887159533,0.12065047521847294,0.31336779584972335,0.603800168914186,0.04260293721988684,0.768,0.232,0.0,2,0.18096175926516556,-0.060311284046692615,0.746,0.02200000000000002
0.9,1,0.0,different,0.5402381441182509,0.4489378288832586,0.09130031523499227,0.22937907088237502,0.5600462712793849,0.46209016393442626,0.39007782101167315,0.0720123429227531,0.18394687862507375,0.5874931453662676,-0.019287972312239166,0.816,0.184,0.0,2,0.18096175926516556,-0.10894941634241245,0.746,0.06999999999999995
0.9,10,0.0,independent,0.5402381441182509,0.45575911128435004,0.08447903283390085,0.21215743686066263,0.5550471718881964,0.46209016393442626,0.2811284046692607,0.18096175926516556,0.48432330968209575,0.6463869575833263,0.09648272643126471,0.746,0.254,0.0,2,0.18096175926516556,0.0,0.746,0.0
0.9,5,0.0,independent,0.5402381441182509,0.456343792633015,0.08389435148523589,0.2106829015063006,0.5536336563516937,0.46209016393442626,0.316147859922179,0.14594230401224728,0.38332877572924934,0.6319391908930437,0.062047952527011396,0.769,0.231,0.0,2,0.18096175926516556,-0.035019455252918275,0.746,0.02300000000000002
0.9,2,0.0,independent,0.5402381441182509,0.4621906061196648,0.0780475379985861,0.19595011802794313,0.5500597203709707,0.46209016393442626,0.3414396887159533,0.12065047521847294,0.31336779584972335,0.603800168914186,0.04260293721988684,0.768,0.232,0.0,2,0.18096175926516556,-0.060311284046692615,0.746,0.02200000000000002
0.9,1,0.0,independent,0.5402381441182509,0.4489378288832586,0.09130031523499227,0.22937907088237502,0.5600462712793849,0.46209016393442626,0.39007782101167315,0.0720123429227531,0.18394687862507375,0.5874931453662676,-0.019287972312239166,0.816,0.184,0.0,2,0.18096175926516556,-0.10894941634241245,0.746,0.06999999999999995
0.9,10,0.5,same,0.5420858140012318,0.4579029428961216,0.08418287110511019,0.21140819587423776,0.5567292689858344,0.4702868852459016,0.2772373540856031,0.1930495311602985,0.516519499333069,0.6498332873022163,0.1088666600551883,0.751,0.249,4.969,2,0.1930495311602985,0.0,0.751,0.0
0.9,5,0.5,same,0.5420858140012318,0.456343792633015,0.08574202136821679,0.21533913371171964,0.555697091233674,0.4702868852459016,0.32003891050583655,0.15024797474006507,0.3930412681136027,0.6344608955654022,0.06450595337184828,0.775,0.225,4.969,2,0.1930495311602985,-0.04280155642023342,0.751,0.02400000000000002
0.9,2,0.5,same,0.5420858140012318,0.4582927304618983,0.08379308353933351,0.21042571898168436,0.5517554266684278,0.4702868852459016,0.33754863813229574,0.13273824711360588,0.34461390981343965,0.6083832670885518,0.048945163574272366,0.766,0.234,4.969,2,0.1930495311602985,-0.060311284046692615,0.751,0.015000000000000013
0.9,1,0.5,same,0.5420858140012318,0.44757357240304035,0.09451224159819144,0.23748403867193152,0.5622984737682674,0.4702868852459016,0.4075875486381323,0.06269933660776933,0.15920638800060838,0.5846472215217488,-0.03181290499042211,0.836,0.164,4.969,2,0.1930495311602985,-0.13035019455252916,0.751,0.08499999999999996
0.9,10,0.5,different,0.5486553069184972,0.45108166049503023,0.09757364642346694,0.24519370187434447,0.5650354439601171,0.5030737704918032,0.2908560311284047,0.21221773936339855,0.5585905304482739,0.6481921779122687,0.11464409293993161,0.796,0.204,4.969,2,0.21221773936339855,0.0,0.796,0.0
0.9,5,0.5,different,0.5486553069184972,0.4532254921068018,0.09542981481169538,0.23978093079680907,0.5629583998783178,0.5030737704918032,0.33949416342412453,0.1635796070676787,0.421548918744037,0.6317370542486721,0.06814979225598333,0.828,0.172,4.969,2,0.21221773936339855,-0.04863813229571984,0.796,0.03199999999999992
0.9,2,0.5,different,0.5486553069184972,0.45419996102124344,0.09445534589725374,0.23732172755480063,0.5572057110606771,0.5030737704918032,0.3784046692607004,0.12466910123110286,0.3173782687078292,0.6080850655042809,0.030213755333849124,0.849,0.151,4.969,2,0.21221773936339855,-0.08754863813229569,0.796,0.052999999999999936
0.9,1,0.5,different,0.5486553069184972,0.44757357240304035,0.10108173451545682,0.2540588125456257,0.5664368713250157,0.5030737704918032,0.4075875486381323,0.09548622185367095,0.24145999121927011,0.5882156337684274,-0.005595512661785873,0.868,0.132,4.969,2,0.21221773936339855,-0.1167315175097276,0.796,0.07199999999999995
0.9,10,0.5,independent,0.5468076370355163,0.4559540050672384,0.09085363196827789,0.22823205005804392,0.5630824037049045,0.4641393442622951,0.2791828793774319,0.18495646488486317,0.4952599022189855,0.65417021906809,0.09410283291658528,0.752,0.248,4.969,2,0.18495646488486317,0.0,0.752,0.0
0.9,5,0.5,independent,0.5468076370355163,0.4584876242447866,0.08832001279072965,0.22184443796818976,0.5619813393854245,0.4641393442622951,0.3044747081712062,0.15966463609108889,0.421562941290341,0.6411934467700166,0.07134462330035923,0.766,0.234,4.969,2,0.18495646488486317,-0.025291828793774285,0.752,0.014000000000000012
0.9,2,0.5,independent,0.5468076370355163,0.4584876242447866,0.08832001279072965,0.22184443796818976,0.5585738759401355,0.4641393442622951,0.33949416342412453,0.12464518083817056,0.32383331297627554,0.6208977268633596,0.0363251680474409,0.782,0.218,4.969,2,0.18495646488486317,-0.060311284046692615,0.752,0.030000000000000027
0.9,1,0.5,independent,0.5468076370355163,0.4471837848372637,0.0996238521982526,0.2503795973481907,0.5679180726170892,0.4641393442622951,0.3842412451361868,0.07989809912610829,0.2043497137339913,0.6059896490027259,-0.019725753072144303,0.819,0.181,4.969,2,0.18495646488486317,-0.10505836575875488,0.752,0.06699999999999995
0.9,10,1.0,same,0.5459864504208581,0.4555642175014617,0.09042223291939644,0.2271427124058487,0.5600658845379477,0.49077868852459017,0.2733463035019455,0.21743238502264467,0.5796070991990516,0.656633884505926,0.12701015210324823,0.762,0.238,10.0,2,0.21743238502264467,0.0,0.762,0.0
0.9,5,1.0,same,0.5459864504208581,0.4524459169752485,0.09354053344560964,0.23501150865269915,0.5592410069206784,0.49077868852459017,0.3317120622568093,0.15906662626778084,0.41207408692726155,0.6391760830321297,0.0655260928221712,0.799,0.201,10.0,2,0.21743238502264467,-0.05836575875486383,0.762,0.03700000000000003
0.9,2,1.0,same,0.5459864504208581,0.4543948548041318,0.09159159561672636,0.23009267501389272,0.5549434217531051,0.49077868852459017,0.3122568093385214,0.17852187918606877,0.46634699992936696,0.6162726002777877,0.0869302835693424,0.765,0.235,10.0,2,0.21743238502264467,-0.038910505836575904,0.762,0.0030000000000000027
0.9,1,1.0,same,0.5459864504208581,0.4427012278308322,0.10328522259002593,0.2596515295358911,0.5659788817240454,0.49077868852459017,0.4056420233463035,0.08513666517828666,0.21565339596640803,0.5860921983260684,-0.018148557411739263,0.851,0.149,10.0,2,0.21743238502264467,-0.132295719844358,0.762,0.08899999999999997
0.9,10,1.0,different,0.5562512831040854,0.4481582537517053,0.10809302935238013,0.2717874417200914,0.5751568060008566,0.5297131147540983,0.316147859922179,0.21356525483191935,0.553046836006788,0.6459186410013169,0.10547222547953922,0.84,0.16,10.0,2,0.21356525483191935,0.0,0.84,0.0
0.9,5,1.0,different,0.5562512831040854,0.44620931592282204,0.11004196718126341,0.27671596464214965,0.5736429026021591,0.5297131147540983,0.3433852140077821,0.18632790074631622,0.4777904237655787,0.6363521740696712,0.07628593356505281,0.853,0.147,10.0,2,0.21356525483191935,-0.027237354085603127,0.84,0.013000000000000012
0.9,2,1.0,different,0.5562512831040854,0.447963359968817,0.10828792313526847,0.27228014961844005,0.5678439024780751,0.5297131147540983,0.38035019455252916,0.14936292020156916,0.3791099081295181,0.6102685415340771,0.04107499706630069,0.879,0.121,10.0,2,0.21356525483191935,-0.06420233463035019,0.84,0.039000000000000035
0.9,1,1.0,different,0.5562512831040854,0.4427012278308322,0.11355005527325324,0.2855956736576548,0.5737456520607931,0.5297131147540983,0.4056420233463035,0.12407109140779482,0.3133185816291081,0.59076535738159,0.010521036134541584,0.888,0.112,10.0,2,0.21356525483191935,-0.08949416342412453,0.84,0.04800000000000004
0.9,10,1.0,independent,0.5574830630260726,0.4419216526992789,0.11556141032679373,0.2906898226754686,0.5786177055689646,0.5338114754098361,0.23249027237354086,0.3013212030362952,0.815524846100351,0.6981679615420024,0.1857597927095015,0.759,0.241,10.0,2,0.3013212030362952,0.0,0.759,0.0
0.9,5,1.0,independent,0.5574830630260726,0.44465016565971544,0.11283289736635721,0.2837805047060816,0.5777631679015014,0.5338114754098361,0.2908560311284047,0.2429554442814314,0.6357401740929693,0.6814246430587076,0.1301225469150742,0.795,0.205,10.0,2,0.3013212030362952,-0.05836575875486383,0.759,0.03600000000000003
0.9,2,1.0,independent,0.5574830630260726,0.4448450594426038,0.11263800358346887,0.28328724006691786,0.5746790830601487,0.5338114754098361,0.30836575875486383,0.22544571665497226,0.5853425001773483,0.6651856655098847,0.11280771307150339,0.801,0.199,10.0,2,0.3013212030362952,-0.07587548638132297,0.759,0.04200000000000004
0.9,1,1.0,independent,0.5574830630260726,0.43860845839017737,0.11887460463589528,0.2990891280394263,0.5820262497448275,0.5338114754098361,0.3433852140077821,0.190426261402054,0.48809621670617875,0.6474436719222194,0.07155165676615871,0.836,0.164,10.0,2,0.3013212030362952,-0.11089494163424124,0.759,0.07699999999999996
0.0,10,0.0,same,0.8393359594822735,0.15617640762149432,0.6831595518607791,2.0020298242951373,0.9223380646094387,0.9859550561797753,0.0010683760683760685,0.9848866801113992,5.26656431923583,0.9999296937459574,0.3017271282506201,0.988,0.012,0.0,3,0.9848866801113992,0.0,0.988,0.0
0.0,5,0.0,same,0.8393359594822735,0.15660458146007278,0.6827313780222006,2.0002434982708777,0.923070294201542,0.9859550561797753,0.011752136752136752,0.9742029194276386,4.461165725604493,0.9994516112184676,0.29147154140543796,0.984,0.016,0.0,3,0.9848866801113992,-0.010683760683760646,0.988,-0.0040000000000000036
0.0,2,0.0,same,0.8393359594822735,0.16045814600727895,0.6788778134749945,1.9843090848459806,0.9190127796682348,0.9859550561797753,0.041666666666666664,0.9442883895131087,3.9276931182772765,0.9901671681846121,0.26541057603811413,0.96,0.04,0.0,3,0.9848866801113992,-0.040598290598290565,0.988,-0.028000000000000025
0.0,1,0.0,same,0.8393359594822735,0.15810318989509742,0.681232769587176,1.9940165418989806,0.9222197492276356,0.9859550561797753,0.11004273504273504,0.8759123211370403,3.4223296027996497,0.9557211212039645,0.19467955154986427,0.976,0.024,0.0,3,0.9848866801113992,-0.10897435897435892,0.988,-0.01200000000000001
0.0,10,0.0,different,0.8393359594822735,0.15617640762149432,0.6831595518607791,2.0020298242951373,0.9223380646094387,0.9859550561797753,0.0010683760683760685,0.9848866801113992,5.26656431923583,0.9999296937459574,0.3017271282506201,0.988,0.012,0.0,3,0.9848866801113992,0.0,0.988,0.0
0.0,5,0.0,different,0.8393359594822735,0.15660458146007278,0.6827313780222006,2.0002434982708777,0.923070294201542,0.9859550561797753,0.011752136752136752,0.9742029194276386,4.461165725604493,0.9994516112184676,0.29147154140543796,0.984,0.016,0.0,3,0.9848866801113992,-0.010683760683760646,0.988,-0.0040000000000000036
0.0,2,0.0,different,0.8393359594822735,0.16045814600727895,0.6788778134749945,1.9843090848459806,0.9190127796682348,0.9859550561797753,0.041666666666666664,0.9442883895131087,3.9276931182772765,0.9901671681846121,0.26541057603811413,0.96,0.04,0.0,3,0.9848866801113992,-0.040598290598290565,0.988,-0.028000000000000025
0.0,1,0.0,different,0.8393359594822735,0.15810318989509742,0.681232769587176,1.9940165418989806,0.9222197492276356,0.9859550561797753,0.11004273504273504,0.8759123211370403,3.4223296027996497,0.9557211212039645,0.19467955154986427,0.976,0.024,0.0,3,0.9848866801113992,-0.10897435897435892,0.988,-0.01200000000000001
0.0,10,0.0,independent,0.8393359594822735,0.15617640762149432,0.6831595518607791,2.0020298242951373,0.9223380646094387,0.9859550561797753,0.0010683760683760685,0.9848866801113992,5.26656431923583,0.9999296937459574,0.3017271282506201,0.988,0.012,0.0,3,0.9848866801113992,0.0,0.988,0.0
0.0,5,0.0,independent,0.8393359594822735,0.15660458146007278,0.6827313780222006,2.0002434982708777,0.923070294201542,0.9859550561797753,0.011752136752136752,0.9742029194276386,4.461165725604493,0.9994516112184676,0.29147154140543796,0.984,0.016,0.0,3,0.9848866801113992,-0.010683760683760646,0.988,-0.0040000000000000036
0.0,2,0.0,independent,0.8393359594822735,0.16045814600727895,0.6788778134749945,1.9843090848459806,0.9190127796682348,0.9859550561797753,0.041666666666666664,0.9442883895131087,3.9276931182772765,0.9901671681846121,0.26541057603811413,0.96,0.04,0.0,3,0.9848866801113992,-0.040598290598290565,0.988,-0.028000000000000025
0.0,1,0.0,independent,0.8393359594822735,0.15810318989509742,0.681232769587176,1.9940165418989806,0.9222197492276356,0.9859550561797753,0.11004273504273504,0.8759123211370403,3.4223296027996497,0.9557211212039645,0.19467955154986427,0.976,0.024,0.0,3,0.9848866801113992,-0.10897435897435892,0.988,-0.01200000000000001
0.0,10,0.5,same,0.8543425248546239,0.14568614857632198,0.7086563762783019,2.1103573170287606,0.931180261217865,0.9915730337078652,0.003205128205128205,0.988367905502737,5.115901653853232,0.9998955449939938,0.2797115292244351,0.995,0.005,5.047,3,0.988367905502737,0.0,0.995,0.0
0.0,5,0.5,same,0.8543425248546239,0.1422607578676943,0.7120817669869296,2.125458650011284,0.9319340246112064,0.9915730337078652,0.009615384615384616,0.9819576490924806,4.730905960169934,0.9995158912221638,0.269875882105551,0.992,0.008,5.047,3,0.988367905502737,-0.0064102564102563875,0.995,-0.0030000000000000027
0.0,2,0.5,same,0.8543425248546239,0.15296510383215586,0.701377421022468,2.0790403969849747,0.9277074134931763,0.9915730337078652,0.041666666666666664,0.9499063670411986,4.121543218661732,0.99041826194905,0.24852894601873055,0.963,0.037,5.047,3,0.988367905502737,-0.038461538461538436,0.995,-0.03200000000000003
0.0,1,0.5,same,0.8543425248546239,0.1478270177692143,0.7065155070854097,2.1010399479054627,0.9306901663646846,0.9915730337078652,0.11004273504273504,0.8815302986651301,3.6161797031841054,0.9535536798293366,0.17501479157972044,0.985,0.015,5.047,3,0.988367905502737,-0.1068376068376069,0.995,-0.010000000000000009
0.0,10,0.5,different,0.8843556555993247,0.11549989295654035,0.7688557626427843,2.394833258213363,0.9504884075030834,0.9953183520599251,0.0010683760683760685,0.9942499759915491,5.669032246539489,0.999991964999538,0.22539421334876475,0.996,0.004,5.047,3,0.9942499759915491,0.0,0.996,0.0
0.0,5,0.5,different,0.8843556555993247,0.11571397987582958,0.7686416757234952,2.3937344185799336,0.9510262704340106,0.9953183520599251,0.007478632478632479,0.9878397195812927,5.031908789053594,0.9994275062170817,0.2191980438577975,0.993,0.007,5.047,3,0.9942499759915491,-0.0064102564102563875,0.996,-0.0030000000000000027
0.0,2,0.5,different,0.8843556555993247,0.1341254549347035,0.7502302006646212,2.304145342535186,0.9431864401332203,0.9953183520599251,0.04807692307692308,0.947241428983002,4.2622894353437655,0.9918926845338294,0.1970112283183808,0.982,0.018,5.047,3,0.9942499759915491,-0.047008547008547064,0.996,-0.014000000000000012
0.0,1,0.5,different,0.8843556555993247,0.1478270177692143,0.7365286378301104,2.242844421297921,0.9404226811993042,0.9953183520599251,0.11004273504273504,0.88527561701719,3.82479753010331,0.960578278983251,0.1487469791870797,0.986,0.014,5.047,3,0.9942499759915491,-0.10897435897435903,0.996,-0.010000000000000009
0.0,10,0.5,independent,0.8828549990620896,0.11657032755298652,0.7662846715091032,2.381688022027068,0.9491936475286348,0.9953183520599251,0.0010683760683760685,0.9942499759915491,5.669032246539489,1.0,0.2279653044824459,0.998,0.002,5.047,3,0.9942499759915491,0.0,0.998,0.0
0.0,5,0.5,independent,0.8828549990620896,0.11485763219867266,0.767997366863417,2.390473069261745,0.9502324123883638,0.9953183520599251,0.003205128205128205,0.9921132238547969,5.3245194807724365,0.9999738862484985,0.22411585699137992,0.996,0.004,5.047,3,0.9942499759915491,-0.002136752136752129,0.998,-0.0020000000000000018
0.0,2,0.5,independent,0.8828549990620896,0.11978163134232499,0.7630733677197646,2.36545953602863,0.9468891692211272,0.9953183520599251,0.013888888888888888,0.9814294631710363,4.798907230668723,0.9997589499861397,0.21835609545127166,0.987,0.013,5.047,3,0.9942499759915491,-0.012820512820512775,0.998,-0.01100000000000001
0.0,1,0.5,independent,0.8828549990620896,0.11742667523014344,0.7654283238319461,2.3773298082039998,0.9484392413352564,0.9953183520599251,0.056623931623931624,0.9386944204359935,4.182258765997788,0.9941726159149255,0.17326609660404735,0.978,0.022,5.047,3,0.9942499759915491,-0.05555555555555558,0.998,-0.020000000000000018
0.0,10,1.0,same,0.8646595385481148,0.13776493256262043,0.7268946059854944,2.19191198279338,0.9397851440876458,0.9915730337078652,0.0010683760683760685,0.9905046576394891,5.460414419620285,0.9999839299990759,0.26361005165399476,0.994,0.006,10.0,3,0.9905046576394891,0.0,0.994,0.0
0.0,5,1.0,same,0.8646595385481148,0.13391136801541426,0.7307481705327006,2.209586313384015,0.9404745873022887,0.9915730337078652,0.009615384615384616,0.9819576490924806,4.730905960169934,0.999640433729325,0.25120947855978004,0.992,0.008,10.0,3,0.9905046576394891,-0.008547008547008517,0.994,-0.0020000000000000018
0.0,2,1.0,same,0.8646595385481148,0.1411903232712481,0.7234692152768667,2.176482600936305,0.937488138330568,0.9915730337078652,0.03739316239316239,0.9541798713147028,4.171651406658047,0.9920091920405285,0.23071065603783614,0.962,0.038,10.0,3,0.9905046576394891,-0.03632478632478631,0.994,-0.03200000000000003
0.0,1,1.0,same,0.8646595385481148,0.13540997645043887,0.729249562097676,2.2026720771432395,0.9405478263315,0.9915730337078652,0.10576923076923077,0.8858038029386345,3.639225064502587,0.9522640622551836,0.15655424084095848,0.986,0.014,10.0,3,0.9905046576394891,-0.10470085470085466,0.994,-0.008000000000000007
0.0,10,1.0,different,0.9288126055149127,0.07375294369514022,0.8550596618197726,2.915402248968962,0.9802974557171037,0.9971910112359551,0.0010683760683760685,0.996122635167579,5.839818820701213,0.999995982499769,0.1410629733478065,0.997,0.003,10.0,3,0.996122635167579,0.0,0.997,0.0
0.0,5,1.0,different,0.9288126055149127,0.08146007278955256,0.8473525327253602,2.8623220609420574,0.9783091145027741,0.9971910112359551,0.003205128205128205,0.9939858830308269,5.495306054934161,0.9999035799944559,0.14663335030546676,0.99,0.01,10.0,3,0.996122635167579,-0.002136752136752129,0.997,-0.007000000000000006
0.0,2,1.0,different,0.9288126055149127,0.10244059087989724,0.8263720146350155,2.7347716227889363,0.9696521648299995,0.9971910112359551,0.0438034188034188,0.9533875924325363,4.4774422570599475,0.9921397607980362,0.12701557779752082,0.986,0.014,10.0,3,0.996122635167579,-0.042735042735042694,0.997,-0.01100000000000001
0.0,1,1.0,different,0.9288126055149127,0.13540997645043887,0.7934026290644739,2.568180912793028,0.9606659810132939,0.9971910112359551,0.10576923076923077,0.8914217804667244,4.018629465583515,0.966690905584727,0.09801915140225048,0.989,0.011,10.0,3,0.996122635167579,-0.10470085470085466,0.997,-0.008000000000000007
0.0,10,1.0,independent,0.92055899456012,0.07460929137229716,0.8459497031878229,2.8511386841221116,0.9778315944253166,0.9990636704119851,0.0010683760683760685,0.997995294343609,6.180253786728569,1.0,0.1520455911557861,1.0,0.0,10.0,3,0.997995294343609,0.0,1.0,0.0
0.0,5,1.0,independent,0.92055899456012,0.07953329051594947,0.8410257040441705,2.8170594214946343,0.9770586675558733,0.9990636704119851,0.0010683760683760685,0.997995294343609,6.180253786728569,1.0,0.15696959029943847,0.998,0.002,10.0,3,0.997995294343609,0.0,1.0,-0.0020000000000000018
0.0,2,1.0,independent,0.92055899456012,0.07696424748447869,0.8435947470756413,2.834633240429704,0.9768814556206837,0.9990636704119851,0.0010683760683760685,0.997995294343609,6.180253786728569,1.0,0.1544005472679677,0.995,0.005,10.0,3,0.997995294343609,0.0,1.0,-0.0050000000000000044
0.0,1,1.0,independent,0.92055899456012,0.07996146435452794,0.8405975302055921,2.8141724177900347,0.9773261928962561,0.9990636704119851,0.011752136752136752,0.9873115336598484,5.374855193097233,0.9998453262411062,0.14671400345425623,0.993,0.007,10.0,3,0.997995294343609,-0.010683760683760646,1.0,-0.007000000000000006
0.3,10,0.0,same,0.7575501782029638,0.23496039391993148,0.5225897842830323,1.4210518200590694,0.8405336445556846,0.9297752808988764,0.013888888888888888,0.9158863920099876,3.6745300102053715,0.9935137458770403,0.3932966077269553,0.949,0.051,0.0,3,0.9158863920099876,0.0,0.949,0.0
0.3,5,0.0,same,0.7575501782029638,0.23924213230571612,0.5183080458972477,1.4071864127448175,0.8408703110750428,0.9297752808988764,0.045940170940170943,0.8838351099587054,3.1596806595499287,0.9862501054593811,0.36552706406145774,0.941,0.059,0.0,3,0.9158863920099876,-0.03205128205128216,0.949,-0.008000000000000007
0.3,2,0.0,same,0.7575501782029638,0.24759152215799615,0.5099586560449676,1.3805322956586954,0.8359354950162909,0.9297752808988764,0.1014957264957265,0.8282795544031499,2.7471943621247332,0.9554860974404507,0.31832089835818234,0.918,0.082,0.0,3,0.9158863920099876,-0.08760683760683763,0.949,-0.030999999999999917
0.3,1,0.0,same,0.7575501782029638,0.23752943695140227,0.5200207412515615,1.4127160869078064,0.8398215426397387,0.9297752808988764,0.18055555555555555,0.7492197253433208,2.3873693556789477,0.8960933827753695,0.22919898409175932,0.953,0.047,0.0,3,0.9158863920099876,-0.16666666666666674,0.949,0.0040000000000000036
0.3,10,0.0,different,0.7575501782029638,0.23496039391993148,0.5225897842830323,1.4210518200590694,0.8405336445556846,0.9297752808988764,0.013888888888888888,0.9158863920099876,3.6745300102053715,0.9935137458770403,0.3932966077269553,0.949,0.051,0.0,3,0.9158863920099876,0.0,0.949,0.0
0.3,5,0.0,different,0.7575501782029638,0.23924213230571612,0.5183080458972477,1.4071864127448175,0.8408703110750428,0.9297752808988764,0.045940170940170943,0.8838351099587054,3.1596806595499287,0.9862501054593811,0.36552706406145774,0.941,0.059,0.0,3,0.9158863920099876,-0.03205128205128216,0.949,-0.008000000000000007
0.3,2,0.0,different,0.7575501782029638,0.24759152215799615,0.5099586560449676,1.3805322956586954,0.8359354950162909,0.9297752808988764,0.1014957264957265,0.8282795544031499,2.7471943621247332,0.9554860974404507,0.31832089835818234,0.918,0.082,0.0,3,0.9158863920099876,-0.08760683760683763,0.949,-0.030999999999999917
0.3,1,0.0,different,0.7575501782029638,0.23752943695140227,0.5200207412515615,1.4127160869078064,0.8398215426397387,0.9297752808988764,0.18055555555555555,0.7492197253433208,2.3873693556789477,0.8960933827753695,0.22919898409175932,0.953,0.047,0.0,3,0.9158863920099876,-0.16666666666666674,0.949,0.0040000000000000036
0.3,10,0.0,independent,0.7575501782029638,0.23496039391993148,0.5225897842830323,1.4210518200590694,0.8405336445556846,0.9297752808988764,0.013888888888888888,0.9158863920099876,3.6745300102053715,0.9935137458770403,0.3932966077269553,0.949,0.051,0.0,3,0.9158863920099876,0.0,0.949,0.0
0.3,5,0.0,independent,0.7575501782029638,0.23924213230571612,0.5183080458972477,1.4071864127448175,0.8408703110750428,0.9297752808988764,0.045940170940170943,0.8838351099587054,3.1596806595499287,0.9862501054593811,0.36552706406145774,0.941,0.059,0.0,3,0.9158863920099876,-0.03205128205128216,0.949,-0.008000000000000007
0.3,2,0.0,independent,0.7575501782029638,0.24759152215799615,0.5099586560449676,1.3805322956586954,0.8359354950162909,0.9297752808988764,0.1014957264957265,0.8282795544031499,2.7471943621247332,0.9554860974404507,0.31832089835818234,0.918,0.082,0.0,3,0.9158863920099876,-0.08760683760683763,0.949,-0.030999999999999917
0.3,1,0.0,independent,0.7575501782029638,0.23752943695140227,0.5200207412515615,1.4127160869078064,0.8398215426397387,0.9297752808988764,0.18055555555555555,0.7492197253433208,2.3873693556789477,0.8960933827753695,0.22919898409175932,0.953,0.047,0.0,3,0.9158863920099876,-0.16666666666666674,0.949,0.0040000000000000036
0.3,10,0.5,same,0.7691802663665354,0.22468422179404837,0.544496044572487,1.4926182639026466,0.8520658387937857,0.9410112359550562,0.009615384615384616,0.9313958513396716,3.904346364749209,0.9947471184479593,0.3868998067671846,0.959,0.041,5.047,3,0.9313958513396716,0.0,0.959,0.0
0.3,5,0.5,same,0.7691802663665354,0.22661100406765147,0.5425692622988839,1.4862042069719112,0.8525411090711138,0.9410112359550562,0.05235042735042735,0.8886608086046288,3.1857980929499625,0.9873509005226768,0.3460915463057449,0.954,0.046,5.047,3,0.9313958513396716,-0.042735042735042805,0.959,-0.0050000000000000044
0.3,2,0.5,same,0.7691802663665354,0.2356026546777992,0.5335776116887362,1.4566692362862557,0.8469177336477697,0.9410112359550562,0.09508547008547008,0.8459257658695861,2.873392821846558,0.9622696465805046,0.31234815418084994,0.921,0.079,5.047,3,0.9313958513396716,-0.0854700854700855,0.959,-0.03799999999999992
0.3,1,0.5,same,0.7691802663665354,0.22661100406765147,0.5425692622988839,1.4862042069719112,0.8511442644157952,0.9410112359550562,0.17414529914529914,0.766865936809757,2.501229354330354,0.8938837576483161,0.2242966745108731,0.954,0.046,5.047,3,0.9313958513396716,-0.1645299145299146,0.959,-0.0050000000000000044
0.3,10,0.5,different,0.8046332770587132,0.1936416184971098,0.6109916585616034,1.722842729583581,0.8806764265138946,0.952247191011236,0.0202991452991453,0.9319480457120907,3.7146535605333444,0.9954863384904644,0.32095638715048724,0.973,0.027,5.047,3,0.9319480457120907,0.0,0.973,0.0
0.3,5,0.5,different,0.8046332770587132,0.19706700920573753,0.6075662678529757,1.710432294063775,0.880383791797068,0.952247191011236,0.045940170940170943,0.906307020071065,3.3526054221270565,0.9904483932007826,0.29874075221808927,0.957,0.043,5.047,3,0.9319480457120907,-0.02564102564102566,0.973,-0.016000000000000014
0.3,2,0.5,different,0.8046332770587132,0.21761935345750374,0.5870139236012095,1.6385465620856514,0.8688041508812386,0.952247191011236,0.11858974358974358,0.8336574474214924,2.8491102588619994,0.962777860359727,0.24664352382028287,0.956,0.044,5.047,3,0.9319480457120907,-0.09829059829059827,0.973,-0.017000000000000015
0.3,1,0.5,different,0.8046332770587132,0.22661100406765147,0.5780222729910618,1.6083423043201672,0.8646316956663225,0.952247191011236,0.17414529914529914,0.7781018918659368,2.6049543187840585,0.9059523283422589,0.20007961887487502,0.956,0.044,5.047,3,0.9319480457120907,-0.15384615384615385,0.973,-0.017000000000000015
0.3,10,0.5,independent,0.7988182329769274,0.1921430100620852,0.6066752229148422,1.7074338521507557,0.877697008167578,0.9709737827715356,0.007478632478632479,0.9634951502929031,4.3287139047965075,0.9990659311962911,0.3568199273780609,0.979,0.021,5.047,3,0.9634951502929031,0.0,0.979,0.0
0.3,5,0.5,independent,0.7988182329769274,0.19449796617426676,0.6043202668026607,1.6988472061470832,0.8785587217921265,0.9709737827715356,0.026709401709401708,0.9442643810621338,3.826821562979996,0.9968723760701617,0.33994411425947313,0.971,0.029,5.047,3,0.9634951502929031,-0.019230769230769273,0.979,-0.008000000000000007
0.3,2,0.5,independent,0.7988182329769274,0.20520231213872833,0.5936159208381991,1.6605893182202587,0.8735780258807365,0.9709737827715356,0.05876068376068376,0.9122130990108518,3.460564284793594,0.989755374410934,0.31859717817265265,0.957,0.043,5.047,3,0.9634951502929031,-0.05128205128205132,0.979,-0.02200000000000002
0.3,1,0.5,independent,0.7988182329769274,0.20006422607578678,0.5987540069011407,1.6787993766144282,0.8762573369597969,0.9709737827715356,0.11217948717948718,0.8587942955920483,3.1103204256214334,0.9585896163689029,0.2600402886909077,0.962,0.038,5.047,3,0.9634951502929031,-0.10470085470085477,0.979,-0.017000000000000015
0.3,10,1.0,same,0.7791221159257175,0.2146221365874545,0.564499979338263,1.5597172352455886,0.8625692315727308,0.9447565543071161,0.009615384615384616,0.9351411696917316,3.9370356565360956,0.9969246035731647,0.37064119035346854,0.961,0.039,10.0,3,0.9351411696917316,0.0,0.961,0.0
0.3,5,1.0,same,0.7791221159257175,0.21612074502247913,0.5630013709032383,1.5545934793099285,0.8632860741389493,0.9447565543071161,0.03311965811965812,0.911636896187458,3.43280926169233,0.9922040408017323,0.3486355252842197,0.953,0.047,10.0,3,0.9351411696917316,-0.023504273504273532,0.961,-0.008000000000000007
0.3,2,1.0,same,0.7791221159257175,0.22147291800470992,0.5576491979210075,1.5364599335379903,0.8582717115756234,0.9447565543071161,0.07585470085470085,0.8689018534524153,3.0295281189932712,0.9638766466729072,0.3112526555314078,0.907,0.093,10.0,3,0.9351411696917316,-0.06623931623931623,0.961,-0.05399999999999994
0.3,1,1.0,same,0.7791221159257175,0.21505031042603298,0.5640718054996845,1.5582511920422282,0.8630336545994352,0.9447565543071161,0.1762820512820513,0.7684745030250648,2.5256357898058384,0.8839243745756515,0.20440269752538032,0.958,0.042,10.0,3,0.9351411696917316,-0.16666666666666674,0.961,-0.0030000000000000027
0.3,10,1.0,different,0.8483398987056837,0.15103832155855276,0.6973015771471309,2.06132976565478,0.9267052882355541,0.9597378277153558,0.011752136752136752,0.947985690963219,4.012788776127373,0.9979972761348433,0.2506841138160881,0.974,0.026,10.0,3,0.947985690963219,0.0,0.974,0.0
0.3,5,1.0,different,0.8483398987056837,0.1600299721687005,0.6883099265369832,2.02367413274194,0.9230498853003684,0.9597378277153558,0.028846153846153848,0.9308916738692019,3.6456804252999127,0.9929995058474715,0.2425817473322187,0.961,0.039,10.0,3,0.947985690963219,-0.017094017094017144,0.974,-0.013000000000000012
0.3,2,1.0,different,0.8483398987056837,0.18614857632198673,0.662191322383697,1.9215181344232795,0.9079307463310179,0.9597378277153558,0.10790598290598291,0.8518318448093729,2.985393165235151,0.962753755358341,0.18964052242567586,0.963,0.037,10.0,3,0.947985690963219,-0.09615384615384615,0.974,-0.01100000000000001
0.3,1,1.0,different,0.8483398987056837,0.21505031042603298,0.6332895882796508,1.8183589067549333,0.8924547328161472,0.9597378277153558,0.1762820512820513,0.7834557764333044,2.677279043578101,0.9086761934988812,0.15016618815365368,0.963,0.037,10.0,3,0.947985690963219,-0.1645299145299146,0.974,-0.01100000000000001
0.3,10,1.0,independent,0.8397111236165823,0.15296510383215586,0.6867460197844264,2.017070346788203,0.9208079192964553,0.9897003745318352,0.0010683760683760685,0.9886319984634592,5.385785659618093,0.99995982499769,0.3018859786790328,0.991,0.009,10.0,3,0.9886319984634592,0.0,0.991,0.0
0.3,5,1.0,independent,0.8397111236165823,0.156818668379362,0.6828924552372203,2.0008904547667625,0.9193500488126278,0.9897003745318352,0.0010683760683760685,0.9886319984634592,5.385785659618093,0.9998794749930698,0.30573954322623886,0.983,0.017,10.0,3,0.9886319984634592,0.0,0.991,-0.008000000000000007
0.3,2,1.0,independent,0.8397111236165823,0.1572468422179405,0.6824642813986418,1.9991089407943292,0.9187004993752788,0.9897003745318352,0.018162393162393164,0.971537981369442,4.408523119894541,0.9989735286909779,0.28907369997080024,0.975,0.025,10.0,3,0.9886319984634592,-0.017094017094017144,0.991,-0.016000000000000014
0.3,1,1.0,independent,0.8397111236165823,0.16024405908798972,0.6794670645285925,1.9867266261389651,0.9193271490613111,0.9897003745318352,0.05876068376068376,0.9309396907711515,3.880512582129283,0.9893937993901435,0.25147262624255895,0.983,0.017,10.0,3,0.9886319984634592,-0.05769230769230771,0.991,-0.008000000000000007
0.6,10,0.0,same,0.6555055336709811,0.3400770712909441,0.31542846238003697,0.8124803362347459,0.7162404232838243,0.7724719101123596,0.08440170940170941,0.6880702007106502,2.1230710628051446,0.9254954582159889,0.3726417383306132,0.866,0.134,0.0,3,0.6880702007106502,0.0,0.866,0.0
0.6,5,0.0,same,0.6555055336709811,0.33879254977520873,0.31671298389577235,0.8159882659727478,0.7157761609571293,0.7724719101123596,0.1420940170940171,0.6303778930183426,1.8179708520950002,0.9038290794701721,0.3136649091225702,0.869,0.131,0.0,3,0.6880702007106502,-0.0576923076923076,0.866,0.0030000000000000027
0.6,2,0.0,same,0.6555055336709811,0.3420038535645472,0.31350168010643387,0.8072279218315765,0.7104743864272772,0.7724719101123596,0.18696581196581197,0.5855060981465476,1.636145193548281,0.8524392252652555,0.27200441804011377,0.849,0.151,0.0,3,0.6880702007106502,-0.10256410256410253,0.866,-0.017000000000000015
0.6,1,0.0,same,0.6555055336709811,0.3400770712909441,0.31542846238003697,0.8124803362347459,0.7146093985400405,0.7724719101123596,0.27884615384615385,0.49362575626620575,1.333284877270855,0.7699840505240829,0.17819729388616878,0.897,0.103,0.0,3,0.6880702007106502,-0.19444444444444442,0.866,0.031000000000000028
0.6,10,0.0,different,0.6555055336709811,0.3400770712909441,0.31542846238003697,0.8124803362347459,0.7162404232838243,0.7724719101123596,0.08440170940170941,0.6880702007106502,2.1230710628051446,0.9254954582159889,0.3726417383306132,0.866,0.134,0.0,3,0.6880702007106502,0.0,0.866,0.0
0.6,5,0.0,different,0.6555055336709811,0.33879254977520873,0.31671298389577235,0.8159882659727478,0.7157761609571293,0.7724719101123596,0.1420940170940171,0.6303778930183426,1.8179708520950002,0.9038290794701721,0.3136649091225702,0.869,0.131,0.0,3,0.6880702007106502,-0.0576923076923076,0.866,0.0030000000000000027
0.6,2,0.0,different,0.6555055336709811,0.3420038535645472,0.31350168010643387,0.8072279218315765,0.7104743864272772,0.7724719101123596,0.18696581196581197,0.5855060981465476,1.636145193548281,0.8524392252652555,0.27200441804011377,0.849,0.151,0.0,3,0.6880702007106502,-0.10256410256410253,0.866,-0.017000000000000015
0.6,1,0.0,different,0.6555055336709811,0.3400770712909441,0.31542846238003697,0.8124803362347459,0.7146093985400405,0.7724719101123596,0.27884615384615385,0.49362575626620575,1.333284877270855,0.7699840505240829,0.17819729388616878,0.897,0.103,0.0,3,0.6880702007106502,-0.19444444444444442,0.866,0.031000000000000028
0.6,10,0.0,independent,0.6555055336709811,0.3400770712909441,0.31542846238003697,0.8124803362347459,0.7162404232838243,0.7724719101123596,0.08440170940170941,0.6880702007106502,2.1230710628051446,0.9254954582159889,0.3726417383306132,0.866,0.134,0.0,3,0.6880702007106502,0.0,0.866,0.0
0.6,5,0.0,independent,0.6555055336709811,0.33879254977520873,0.31671298389577235,0.8159882659727478,0.7157761609571293,0.7724719101123596,0.1420940170940171,0.6303778930183426,1.8179708520950002,0.9038290794701721,0.3136649091225702,0.869,0.131,0.0,3,0.6880702007106502,-0.0576923076923076,0.866,0.0030000000000000027
0.6,2,0.0,independent,0.6555055336709811,0.3420038535645472,0.31350168010643387,0.8072279218315765,0.7104743864272772,0.7724719101123596,0.18696581196581197,0.5855060981465476,1.636145193548281,0.8524392252652555,0.27200441804011377,0.849,0.151,0.0,3,0.6880702007106502,-0.10256410256410253,0.866,-0.017000000000000015
0.6,1,0.0,independent,0.6555055336709811,0.3400770712909441,0.31542846238003697,0.8124803362347459,0.7146093985400405,0.7724719101123596,0.27884615384615385,0.49362575626620575,1.333284877270855,0.7699840505240829,0.17819729388616878,0.897,0.103,0.0,3,0.6880702007106502,-0.19444444444444442,0.866,0.031000000000000028
0.6,10,0.5,same,0.665822547364472,0.3319417683579533,0.3338807790065187,0.8629645509203119,0.7270223091787827,0.7893258426966292,0.08012820512820513,0.709197637568424,2.2082939726465804,0.9378311926752936,0.37531685856190533,0.855,0.145,5.047,3,0.709197637568424,0.0,0.855,0.0
0.6,5,0.5,same,0.665822547364472,0.3349389852280026,0.3308835621364694,0.8547223879200818,0.7267007886352953,0.7893258426966292,0.14636752136752137,0.6429583213291078,1.8562248691986256,0.9071575784115607,0.3120747591926384,0.861,0.139,5.047,3,0.709197637568424,-0.06623931623931623,0.855,0.006000000000000005
0.6,2,0.5,same,0.665822547364472,0.3411475058873903,0.3246750414770817,0.837740289876751,0.7203299572939725,0.7893258426966292,0.19123931623931623,0.598086526457313,1.6774227024728512,0.8521700527497781,0.27341148498023127,0.841,0.159,5.047,3,0.709197637568424,-0.11111111111111105,0.855,-0.014000000000000012
0.6,1,0.5,same,0.665822547364472,0.33750802825947335,0.32831451910499865,0.8476806757225694,0.7251781560477439,0.7893258426966292,0.2916666666666667,0.4976591760299625,1.3526065419893571,0.7608944562514313,0.16934465692496387,0.9,0.1,5.047,3,0.709197637568424,-0.2115384615384615,0.855,0.04500000000000004
0.6,10,0.5,different,0.6879572312886888,0.3058231642046671,0.3821340670840217,0.9977931805377438,0.7548600503794529,0.7818352059925093,0.09508547008547008,0.6867497359070392,2.0884797893595826,0.9408141865968157,0.30461566882301755,0.88,0.12,5.047,3,0.6867497359070392,0.0,0.88,0.0
0.6,5,0.5,different,0.6879572312886888,0.30111325198030403,0.38684397930838477,1.0112697086007956,0.7531521708562499,0.7818352059925093,0.13995726495726496,0.6418779410352444,1.8589175567759395,0.9179927765345847,0.25503396172685966,0.873,0.127,5.047,3,0.6867497359070392,-0.04487179487179482,0.88,-0.007000000000000006
0.6,2,0.5,different,0.6879572312886888,0.3276600299721687,0.3602972013165201,0.936452106862712,0.7403868450972436,0.7818352059925093,0.2232905982905983,0.5585446077019111,1.539533225528445,0.853758974091141,0.19824740638539096,0.879,0.121,5.047,3,0.6867497359070392,-0.1282051282051282,0.88,-0.0010000000000000009
0.6,1,0.5,different,0.6879572312886888,0.33750802825947335,0.35044920302921545,0.9093421246709619,0.7371414280606321,0.7818352059925093,0.2916666666666667,0.49016853932584264,1.326928477329885,0.7723523669102611,0.1397193362966272,0.901,0.099,5.047,3,0.6867497359070392,-0.1965811965811966,0.88,0.02100000000000002
0.6,10,0.5,independent,0.6815794410054399,0.3113894241061871,0.3701900168992528,0.9640358559706228,0.7494478347682505,0.8267790262172284,0.05876068376068376,0.7680183424565447,2.506775681416837,0.9569504762746524,0.39782832555729186,0.889,0.111,5.047,3,0.7680183424565447,0.0,0.889,0.0
0.6,5,0.5,independent,0.6815794410054399,0.3049668165275102,0.3766126244779297,0.9822882212898028,0.7498711185925894,0.8267790262172284,0.09508547008547008,0.7316935561317583,2.251586756552644,0.9434396229977783,0.35508093165382865,0.888,0.112,5.047,3,0.7680183424565447,-0.03632478632478631,0.889,-0.0010000000000000009
0.6,2,0.5,independent,0.6815794410054399,0.3152429886533933,0.3663364523520466,0.9531629721548787,0.7432973231395961,0.8267790262172284,0.15064102564102563,0.6761380005762028,1.9752011479707987,0.9020493268678363,0.3098015482241562,0.884,0.116,5.047,3,0.7680183424565447,-0.09188034188034189,0.889,-0.0050000000000000044
0.6,1,0.5,independent,0.6815794410054399,0.3098908156711625,0.3716886253342774,0.9682798837354369,0.7472588194173821,0.8267790262172284,0.22756410256410256,0.5992149236531259,1.6884060733149717,0.8501472413834664,0.22752629831884852,0.909,0.091,5.047,3,0.7680183424565447,-0.16880341880341876,0.889,0.020000000000000018
0.6,10,1.0,same,0.6720127555805665,0.3223078569899379,0.3497048985906286,0.9067327480522569,0.7354276428120895,0.8080524344569289,0.07585470085470085,0.7321977336022281,2.3042614339685925,0.9438072242689154,0.3824928350115995,0.872,0.128,10.0,3,0.7321977336022281,0.0,0.872,0.0
0.6,5,1.0,same,0.6720127555805665,0.3233782915863841,0.3486344639941824,0.9037504477254751,0.735769773131762,0.8080524344569289,0.13568376068376067,0.6723686737731682,1.9706605909631243,0.9179666627830831,0.3237342097789858,0.884,0.116,10.0,3,0.7321977336022281,-0.05982905982905984,0.872,0.01200000000000001
0.6,2,1.0,same,0.6720127555805665,0.339006636694498,0.3330061188860685,0.8606535324571418,0.7286778004989736,0.8080524344569289,0.17841880341880342,0.6296336310381254,1.7921495402502952,0.8521961665012796,0.2966275121520569,0.844,0.156,10.0,3,0.7321977336022281,-0.10256410256410264,0.872,-0.028000000000000025
0.6,1,1.0,same,0.6720127555805665,0.3304431599229287,0.3415695956576378,0.8841676134874021,0.7346139383153014,0.8080524344569289,0.28739316239316237,0.5206592720637665,1.4317582814322105,0.7541711696148422,0.17908967640612872,0.911,0.089,10.0,3,0.7321977336022281,-0.21153846153846156,0.872,0.039000000000000035
0.6,10,1.0,different,0.7224723316450947,0.272425604795547,0.4500467268495477,1.1956952416245916,0.8002907866667203,0.8305243445692884,0.07585470085470085,0.7546696437145876,2.3897589754663127,0.9488773095604452,0.30462291686503984,0.902,0.098,10.0,3,0.7546696437145876,0.0,0.902,0.0
0.6,5,1.0,different,0.7224723316450947,0.27199743095696854,0.4504749006881262,1.196984947728744,0.7960654209737618,0.8305243445692884,0.12713675213675213,0.7033875924325362,2.0962700921275617,0.929788157212819,0.25291269174441006,0.906,0.094,10.0,3,0.7546696437145876,-0.05128205128205132,0.902,0.0040000000000000036
0.6,2,1.0,different,0.7224723316450947,0.3051809034467994,0.41729142819829534,1.099758912264675,0.7778720908276452,0.8305243445692884,0.2126068376068376,0.6179175069624507,1.7536481321706359,0.8602894207166417,0.2006260787641554,0.913,0.087,10.0,3,0.7546696437145876,-0.13675213675213682,0.902,0.01100000000000001
0.6,1,1.0,different,0.7224723316450947,0.3304431599229287,0.392029171722166,1.028891641628146,0.7625418322211553,0.8305243445692884,0.28739316239316237,0.543131182176126,1.5172558229299304,0.7775771259606847,0.15110201045396,0.928,0.072,10.0,3,0.7546696437145876,-0.21153846153846156,0.902,0.026000000000000023
0.6,10,1.0,independent,0.7134683924216845,0.28462855919503316,0.4288398332266513,1.1326918171696034,0.7908928492513388,0.8773408239700374,0.03739316239316239,0.8399476615768751,2.943568552579517,0.9773051411950456,0.41110782835022375,0.895,0.105,10.0,3,0.8399476615768751,0.0,0.895,0.0
0.6,5,1.0,independent,0.7134683924216845,0.28163134232498394,0.43183705009670054,1.1415480231453667,0.7892109629546303,0.8773408239700374,0.060897435897435896,0.8164433880726015,2.709079580066992,0.973046590950179,0.384606337975901,0.905,0.095,10.0,3,0.8399476615768751,-0.023504273504273532,0.895,0.010000000000000009
0.6,2,1.0,independent,0.7134683924216845,0.28548490687219014,0.42798348554949434,1.1301696803309214,0.7867723001394072,0.8773408239700374,0.10363247863247864,0.7737083453375588,2.422917796741439,0.9492931208343545,0.3457248597880645,0.896,0.104,10.0,3,0.8399476615768751,-0.06623931623931623,0.895,0.0010000000000000009
0.6,1,1.0,independent,0.7134683924216845,0.28163134232498394,0.43183705009670054,1.1415480231453667,0.7883779342817312,0.8773408239700374,0.1485042735042735,0.7288365504657639,2.2046658791655247,0.9169723314759091,0.29699950036906336,0.914,0.086,10.0,3,0.8399476615768751,-0.11111111111111116,0.895,0.019000000000000017
0.9,10,0.0,same,0.5403301444381917,0.4550417469492614,0.0852883974889303,0.2141987154835081,0.5579716846583719,0.47846441947565543,0.28739316239316237,0.19107125708249306,0.5070085084049273,0.6493204398359252,0.10578285959356276,0.768,0.232,0.0,3,0.19107125708249306,0.0,0.768,0.0
0.9,5,0.0,same,0.5403301444381917,0.4573967030614429,0.0829334413767488,0.20825990951650875,0.5567846338651165,0.47846441947565543,0.32371794871794873,0.1547464707577067,0.40331923939460645,0.6357191928038536,0.0718130293809579,0.787,0.213,0.0,3,0.19107125708249306,-0.03632478632478636,0.768,0.019000000000000017
0.9,2,0.0,same,0.5403301444381917,0.4618925283665168,0.07843761607167493,0.19693248156752055,0.5515816898409471,0.47846441947565543,0.3386752136752137,0.13978920580044174,0.3620734780766829,0.6025025008938938,0.06135158972876681,0.773,0.227,0.0,3,0.19107125708249306,-0.05128205128205132,0.768,0.0050000000000000044
0.9,1,0.0,same,0.5403301444381917,0.4633911368015414,0.07693900763665029,0.19315947010683376,0.5553527566077835,0.47846441947565543,0.42414529914529914,0.054319120330356296,0.13729201336964203,0.5693340189867061,-0.022619887306293995,0.834,0.166,0.0,3,0.19107125708249306,-0.13675213675213677,0.768,0.06599999999999995
0.9,10,0.0,different,0.5403301444381917,0.4550417469492614,0.0852883974889303,0.2141987154835081,0.5579716846583719,0.47846441947565543,0.28739316239316237,0.19107125708249306,0.5070085084049273,0.6493204398359252,0.10578285959356276,0.768,0.232,0.0,3,0.19107125708249306,0.0,0.768,0.0
0.9,5,0.0,different,0.5403301444381917,0.4573967030614429,0.0829334413767488,0.20825990951650875,0.5567846338651165,0.47846441947565543,0.32371794871794873,0.1547464707577067,0.40331923939460645,0.6357191928038536,0.0718130293809579,0.787,0.213,0.0,3,0.19107125708249306,-0.03632478632478636,0.768,0.019000000000000017
0.9,2,0.0,different,0.5403301444381917,0.4618925283665168,0.07843761607167493,0.19693248156752055,0.5515816898409471,0.47846441947565543,0.3386752136752137,0.13978920580044174,0.3620734780766829,0.6025025008938938,0.06135158972876681,0.773,0.227,0.0,3,0.19107125708249306,-0.05128205128205132,0.768,0.0050000000000000044
0.9,1,0.0,different,0.5403301444381917,0.4633911368015414,0.07693900763665029,0.19315947010683376,0.5553527566077835,0.47846441947565543,0.42414529914529914,0.054319120330356296,0.13729201336964203,0.5693340189867061,-0.022619887306293995,0.834,0.166,0.0,3,0.19107125708249306,-0.13675213675213677,0.768,0.06599999999999995
0.9,10,0.0,independent,0.5403301444381917,0.4550417469492614,0.0852883974889303,0.2141987154835081,0.5579716846583719,0.47846441947565543,0.28739316239316237,0.19107125708249306,0.5070085084049273,0.6493204398359252,0.10578285959356276,0.768,0.232,0.0,3,0.19107125708249306,0.0,0.768,0.0
0.9,5,0.0,independent,0.5403301444381917,0.4573967030614429,0.0829334413767488,0.20825990951650875,0.5567846338651165,0.47846441947565543,0.32371794871794873,0.1547464707577067,0.40331923939460645,0.6357191928038536,0.0718130293809579,0.787,0.213,0.0,3,0.19107125708249306,-0.03632478632478636,0.768,0.019000000000000017
0.9,2,0.0,independent,0.5403301444381917,0.4618925283665168,0.07843761607167493,0.19693248156752055,0.5515816898409471,0.47846441947565543,0.3386752136752137,0.13978920580044174,0.3620734780766829,0.6025025008938938,0.06135158972876681,0.773,0.227,0.0,3,0.19107125708249306,-0.05128205128205132,0.768,0.0050000000000000044
0.9,1,0.0,independent,0.5403301444381917,0.4633911368015414,0.07693900763665029,0.19315947010683376,0.5553527566077835,0.47846441947565543,0.42414529914529914,0.054319120330356296,0.13729201336964203,0.5693340189867061,-0.022619887306293995,0.834,0.166,0.0,3,0.19107125708249306,-0.13675213675213677,0.768,0.06599999999999995
0.9,10,0.5,same,0.5467079347214406,0.4514022693213445,0.09530566540009616,0.23946749830932343,0.5635026174014005,0.5159176029962547,0.29594017094017094,0.21997743205608372,0.5760232713390276,0.6626384531017111,0.12467176665598756,0.784,0.216,5.047,3,0.21997743205608372,0.0,0.784,0.0
0.9,5,0.5,same,0.5467079347214406,0.45803896381931064,0.08866897090213,0.22272360996360702,0.5623244051086533,0.5159176029962547,0.32371794871794873,0.19219965427830593,0.49723728465785727,0.6403493618200883,0.10353068337617594,0.793,0.207,5.047,3,0.21997743205608372,-0.02777777777777779,0.784,0.009000000000000008
0.9,2,0.5,same,0.5467079347214406,0.4618925283665168,0.08481540635492385,0.2130151928485831,0.5560929006753418,0.5159176029962547,0.33653846153846156,0.1793791414577931,0.4618389948655029,0.608064729963722,0.09456373510286925,0.784,0.216,5.047,3,0.21997743205608372,-0.04059829059829062,0.784,0.0
0.9,1,0.5,same,0.5467079347214406,0.46103618068935986,0.08567175403208077,0.21517180756493895,0.5605748641080547,0.5159176029962547,0.4391025641025641,0.07681503889369057,0.19315503468231449,0.5696514015049556,-0.008856715138390203,0.861,0.139,5.047,3,0.21997743205608372,-0.14316239316239315,0.784,0.07699999999999996
0.9,10,0.5,different,0.553273307071844,0.4409120102761721,0.11236129679567186,0.2825930887411966,0.575152765446284,0.5046816479400749,0.2745726495726496,0.23010899836742527,0.6107767878037594,0.6686265371960259,0.1177477015717534,0.804,0.196,5.047,3,0.23010899836742527,0.0,0.804,0.0
0.9,5,0.5,different,0.553273307071844,0.44968957396703063,0.10358373310481334,0.2603814194406789,0.5721758379501107,0.5046816479400749,0.33226495726495725,0.1724166906751176,0.44540291480804134,0.6393630655133763,0.06883295757030428,0.817,0.183,5.047,3,0.23010899836742527,-0.057692307692307654,0.804,0.0129999999999999
0.9,2,0.5,different,0.553273307071844,0.456540355384286,0.09673295168755797,0.24308928201079488,0.5626023759496366,0.5046816479400749,0.39636752136752135,0.10831412657255352,0.2744961016360657,0.6042260084929955,0.011581174884995549,0.848,0.152,5.047,3,0.23010899836742527,-0.12179487179487175,0.804,0.04399999999999993
0.9,1,0.5,different,0.553273307071844,0.46103618068935986,0.0922371263824841,0.23175935057878722,0.5646038142147193,0.5046816479400749,0.4391025641025641,0.06557908383751077,0.16498034902547248,0.574056590508254,-0.026658042544973337,0.872,0.128,5.047,3,0.23010899836742527,-0.1645299145299145,0.804,0.06799999999999995
0.9,10,0.5,independent,0.549334083661602,0.4479768786127168,0.10135720504888518,0.2547535103118655,0.5679137121300385,0.5028089887640449,0.2702991452991453,0.2325098434648996,0.6189496593026789,0.6742791600210517,0.13115263841601443,0.763,0.237,5.047,3,0.2325098434648996,0.0,0.763,0.0
0.9,5,0.5,independent,0.549334083661602,0.4514022693213445,0.0979318143402575,0.24609838601728948,0.5679962717597856,0.5028089887640449,0.3087606837606838,0.19404830500336112,0.5064074320776167,0.6557946414581919,0.09611649066310363,0.781,0.219,5.047,3,0.2325098434648996,-0.03846153846153849,0.763,0.018000000000000016
0.9,2,0.5,independent,0.549334083661602,0.4576107899807322,0.09172329368086979,0.23043380727504592,0.5605708466078236,0.5028089887640449,0.35363247863247865,0.14917651013156624,0.38257300769741354,0.6240845121348595,0.057453216450696454,0.796,0.204,5.047,3,0.2325098434648996,-0.08333333333333337,0.763,0.03300000000000003
0.9,1,0.5,independent,0.549334083661602,0.4554699207878399,0.09386416287376209,0.23583224140409553,0.5654253126619555,0.5028089887640449,0.39850427350427353,0.10430471525977136,0.26426166512218346,0.5955140592420584,0.010440552386009272,0.823,0.177,5.047,3,0.2325098434648996,-0.12820512820512825,0.763,0.05999999999999994
0.9,10,1.0,same,0.5452072781842056,0.4535431385142368,0.09166413966996878,0.2302759838826503,0.5652425164014447,0.4934456928838951,0.28952991452991456,0.20391577835398056,0.5383285893261807,0.6593119629104379,0.11225163868401178,0.773,0.227,10.0,3,0.20391577835398056,0.0,0.773,0.0
0.9,5,1.0,same,0.5452072781842056,0.45375722543352603,0.09145005275067952,0.2297356969851991,0.5648972926065943,0.4934456928838951,0.3301282051282051,0.16331748775569,0.42312923015183623,0.6428161069619261,0.07186743500501047,0.796,0.204,10.0,3,0.20391577835398056,-0.040598290598290565,0.773,0.02300000000000002
0.9,2,1.0,same,0.5452072781842056,0.4681010490259045,0.07710622915830107,0.19360566078706903,0.5566724652586668,0.4934456928838951,0.32371794871794873,0.16972774416594638,0.44089722784054247,0.596223148032831,0.09262151500764532,0.742,0.258,10.0,3,0.20391577835398056,-0.03418803418803418,0.773,-0.031000000000000028
0.9,1,1.0,same,0.5452072781842056,0.4571826161421537,0.08802466204205184,0.22109560848207221,0.5623977646628715,0.4934456928838951,0.4412393162393162,0.05220637664457889,0.13139789576125457,0.564802278726131,-0.03581828539747295,0.847,0.153,10.0,3,0.20391577835398056,-0.15170940170940167,0.773,0.07399999999999995
0.9,10,1.0,different,0.5686550365785031,0.43299079426247056,0.13566424231603258,0.34171589499794774,0.5916385776442182,0.5533707865168539,0.2745726495726496,0.2787981369442043,0.7332236609185397,0.686604850729779,0.14313389462817172,0.823,0.177,10.0,3,0.2787981369442043,0.0,0.823,0.0
0.9,5,1.0,different,0.5686550365785031,0.4377007064868337,0.13095433009166946,0.3297523658897436,0.588875582035346,0.5533707865168539,0.3194444444444444,0.23392634207240948,0.6034351773876778,0.6619333818111695,0.10297201198074002,0.842,0.158,10.0,3,0.2787981369442043,-0.04487179487179482,0.823,0.019000000000000017
0.9,2,1.0,different,0.5686550365785031,0.4552558338685506,0.11339920270995252,0.28534419466754984,0.5759604838677278,0.5533707865168539,0.41773504273504275,0.13563574378181115,0.34187349840469683,0.607789531197898,0.02223654107185863,0.88,0.12,10.0,3,0.2787981369442043,-0.14316239316239315,0.823,0.05700000000000005
0.9,1,1.0,different,0.5686550365785031,0.4571826161421537,0.11147242043634942,0.28048517402126616,0.5735628799048655,0.5533707865168539,0.4412393162393162,0.11213147027753767,0.2820101400365076,0.5786305145212546,0.0006590498411882528,0.888,0.112,10.0,3,0.2787981369442043,-0.16666666666666663,0.823,0.06500000000000006
0.9,10,1.0,independent,0.5589007690864753,0.43834296724470134,0.120557801841774,0.30335458544717275,0.5819769315136736,0.5440074906367042,0.24893162393162394,0.29507586670508024,0.7883907044832135,0.7104567496012631,0.17451806486330623,0.782,0.218,10.0,3,0.29507586670508024,0.0,0.782,0.0
0.9,5,1.0,independent,0.5589007690864753,0.4400556625990152,0.11884510648746016,0.2990109478742055,0.5807227081165557,0.5440074906367042,0.2724358974358974,0.27157159320080676,0.715997503345035,0.692705424830562,0.1527264867133466,0.785,0.215,10.0,3,0.29507586670508024,-0.023504273504273476,0.782,0.0030000000000000027
0.9,2,1.0,independent,0.5589007690864753,0.4475487047741383,0.11135206431233707,0.2800398441221007,0.5756732727762132,0.5440074906367042,0.33653846153846156,0.2074690290982426,0.5324639835878491,0.6601516204587182,0.09611696478590553,0.806,0.194,10.0,3,0.29507586670508024,-0.08760683760683763,0.782,0.02400000000000002
0.9,1,1.0,independent,0.5589007690864753,0.4419824448726183,0.11691832421385706,0.29412775063898045,0.5788899245111706,0.5440074906367042,0.37713675213675213,0.16687073849995204,0.4235445163049192,0.6402991430672007,0.04995241428609498,0.832,0.168,10.0,3,0.29507586670508024,-0.1282051282051282,0.782,0.04999999999999993
0.0,10,0.0,same,0.8431718977343587,0.15806203043729533,0.6851098672970635,2.0100344997699002,0.924739083236193,0.9885892116182573,0.0009615384615384616,0.9876276731567188,5.378270244196446,0.9997296095561992,0.3025178058596554,0.994,0.006,0.0,4,0.9876276731567188,0.0,0.994,0.0
0.0,5,0.0,same,0.8431718977343587,0.15594297823155462,0.6872289195028041,2.0188524955041633,0.9258740821746602,0.9885892116182573,0.010576923076923078,0.9780122885413343,4.581635719850214,0.9988623572438602,0.2907833690385302,0.988,0.012,0.0,4,0.9876276731567188,-0.009615384615384581,0.994,-0.006000000000000005
0.0,2,0.0,same,0.8431718977343587,0.1584473126565209,0.6847245850778378,2.008439588794002,0.9235262118499112,0.9885892116182573,0.04903846153846154,0.9395507500797957,3.930657447562025,0.9859477084910611,0.25482616500195787,0.96,0.04,0.0,4,0.9876276731567188,-0.04807692307692313,0.994,-0.03400000000000003
0.0,1,0.0,same,0.8431718977343587,0.15324600269697553,0.6899258950373832,2.0301904334496044,0.9239351623744687,0.9885892116182573,0.10096153846153846,0.8876276731567189,3.5525001907022276,0.9546485124519807,0.19770177811933565,0.977,0.023,0.0,4,0.9876276731567188,-0.09999999999999998,0.994,-0.017000000000000015
0.0,10,0.0,different,0.8431718977343587,0.15806203043729533,0.6851098672970635,2.0100344997699002,0.924739083236193,0.9885892116182573,0.0009615384615384616,0.9876276731567188,5.378270244196446,0.9997296095561992,0.3025178058596554,0.994,0.006,0.0,4,0.9876276731567188,0.0,0.994,0.0
0.0,5,0.0,different,0.8431718977343587,0.15594297823155462,0.6872289195028041,2.0188524955041633,0.9258740821746602,0.9885892116182573,0.010576923076923078,0.9780122885413343,4.581635719850214,0.9988623572438602,0.2907833690385302,0.988,0.012,0.0,4,0.9876276731567188,-0.009615384615384581,0.994,-0.006000000000000005
0.0,2,0.0,different,0.8431718977343587,0.1584473126565209,0.6847245850778378,2.008439588794002,0.9235262118499112,0.9885892116182573,0.04903846153846154,0.9395507500797957,3.930657447562025,0.9859477084910611,0.25482616500195787,0.96,0.04,0.0,4,0.9876276731567188,-0.04807692307692313,0.994,-0.03400000000000003
0.0,1,0.0,different,0.8431718977343587,0.15324600269697553,0.6899258950373832,2.0301904334496044,0.9239351623744687,0.9885892116182573,0.10096153846153846,0.8876276731567189,3.5525001907022276,0.9546485124519807,0.19770177811933565,0.977,0.023,0.0,4,0.9876276731567188,-0.09999999999999998,0.994,-0.017000000000000015
0.0,10,0.0,independent,0.8431718977343587,0.15806203043729533,0.6851098672970635,2.0100344997699002,0.924739083236193,0.9885892116182573,0.0009615384615384616,0.9876276731567188,5.378270244196446,0.9997296095561992,0.3025178058596554,0.994,0.006,0.0,4,0.9876276731567188,0.0,0.994,0.0
0.0,5,0.0,independent,0.8431718977343587,0.15594297823155462,0.6872289195028041,2.0188524955041633,0.9258740821746602,0.9885892116182573,0.010576923076923078,0.9780122885413343,4.581635719850214,0.9988623572438602,0.2907833690385302,0.988,0.012,0.0,4,0.9876276731567188,-0.009615384615384581,0.994,-0.006000000000000005
0.0,2,0.0,independent,0.8431718977343587,0.1584473126565209,0.6847245850778378,2.008439588794002,0.9235262118499112,0.9885892116182573,0.04903846153846154,0.9395507500797957,3.930657447562025,0.9859477084910611,0.25482616500195787,0.96,0.04,0.0,4,0.9876276731567188,-0.04807692307692313,0.994,-0.03400000000000003
0.0,1,0.0,independent,0.8431718977343587,0.15324600269697553,0.6899258950373832,2.0301904334496044,0.9239351623744687,0.9885892116182573,0.10096153846153846,0.8876276731567189,3.5525001907022276,0.9546485124519807,0.19770177811933565,0.977,0.023,0.0,4,0.9876276731567188,-0.09999999999999998,0.994,-0.017000000000000015
0.0,10,0.5,same,0.8539804614425276,0.14804469273743018,0.7059357687050974,2.098515285625272,0.9329057559115362,0.9885892116182573,0.0009615384615384616,0.9876276731567188,5.378270244196446,0.9997736731840778,0.2816919044516214,0.995,0.005,4.982,4,0.9876276731567188,0.0,0.995,0.0
0.0,5,0.5,same,0.8539804614425276,0.14804469273743018,0.7059357687050974,2.098515285625272,0.9340381510901742,0.9885892116182573,0.010576923076923078,0.9780122885413343,4.581635719850214,0.9992088575903605,0.2720765198362368,0.987,0.013,4.982,4,0.9876276731567188,-0.009615384615384581,0.995,-0.008000000000000007
0.0,2,0.5,same,0.8539804614425276,0.14496243498362552,0.7090180264589021,2.1119454236103037,0.9322212875392066,0.9885892116182573,0.041346153846153845,0.9472430577721035,4.011682280598187,0.9873777735049412,0.23822503131320139,0.961,0.039,4.982,4,0.9876276731567188,-0.04038461538461535,0.995,-0.03400000000000003
0.0,1,0.5,same,0.8539804614425276,0.14130225390098247,0.7126782075415451,2.1281458883633517,0.9324244208637272,0.9885892116182573,0.10480769230769231,0.883781519310565,3.531032141145476,0.9532184474381006,0.17110331176901994,0.981,0.019,4.982,4,0.9876276731567188,-0.10384615384615381,0.995,-0.014000000000000012
0.0,10,0.5,different,0.8834961546456038,0.11645155076093239,0.7670446038846714,2.3855607805766854,0.9523500735061429,0.9927385892116183,0.0009615384615384616,0.9917770507500798,5.545926539905033,0.9998497830867773,0.2247324468654084,0.997,0.003,4.982,4,0.9917770507500798,0.0,0.997,0.0
0.0,5,0.5,different,0.8834961546456038,0.12107493739163938,0.7624212172539644,2.3622769579619427,0.9518715425073807,0.9927385892116183,0.014423076923076924,0.9783155122885414,4.629647346086163,0.9993430513661727,0.21589429503457702,0.99,0.01,4.982,4,0.9917770507500798,-0.013461538461538414,0.997,-0.007000000000000006
0.0,2,0.5,different,0.8834961546456038,0.13032171065305337,0.7531744439925505,2.317518560860374,0.9465065955239366,0.9927385892116183,0.052884615384615384,0.9398539738270029,4.061570107210391,0.9887317286161217,0.18667952983445235,0.988,0.012,4.982,4,0.9917770507500798,-0.05192307692307696,0.997,-0.009000000000000008
0.0,1,0.5,different,0.8834961546456038,0.14130225390098247,0.7421939007446213,2.2671338091888154,0.9416988130860964,0.9927385892116183,0.10480769230769231,0.887930896903926,3.6986884368540633,0.9593212598992946,0.1457369961593047,0.983,0.017,4.982,4,0.9917770507500798,-0.10384615384615381,0.997,-0.014000000000000012
0.0,10,0.5,independent,0.8843275826231553,0.11356193411674051,0.7707656485064147,2.4047026604424895,0.9528058516497823,0.9968879668049793,0.0009615384615384616,0.9959264283434408,5.83759928163521,0.9999979971078237,0.2251607798370261,0.998,0.002,4.982,4,0.9959264283434408,0.0,0.998,0.0
0.0,5,0.5,independent,0.8843275826231553,0.11394721633596609,0.7703803662871892,2.4027022683460637,0.9536311633999496,0.9968879668049793,0.0028846153846153848,0.9940033514203639,5.496354343092733,0.9999779681860607,0.2236229851331747,0.997,0.003,4.982,4,0.9959264283434408,-0.0019230769230769162,0.998,-0.0010000000000000009
0.0,2,0.5,independent,0.8843275826231553,0.11568098632248122,0.768646596300674,2.3937596256991736,0.9531080480213429,0.9968879668049793,0.020192307692307693,0.9766956591126715,4.785530648753226,0.9983456110623741,0.20804906281199753,0.988,0.012,4.982,4,0.9959264283434408,-0.019230769230769273,0.998,-0.010000000000000009
0.0,1,0.5,independent,0.8843275826231553,0.11221344634945098,0.7721141362737043,2.4117423939791065,0.9528002435516887,0.9968879668049793,0.05096153846153846,0.9459264283434408,4.371338658139391,0.990163796522178,0.17381229206973647,0.986,0.014,4.982,4,0.9959264283434408,-0.050000000000000044,0.998,-0.01200000000000001
0.0,10,1.0,same,0.8595926002909998,0.1337892506260836,0.7258033496649162,2.187147020365515,0.9406983684440332,0.9906639004149378,0.0009615384615384616,0.9897023619533993,5.453873303397028,0.9999839768625896,0.2638990122884831,0.994,0.006,10.0,4,0.9897023619533993,0.0,0.994,0.0
0.0,5,1.0,same,0.8595926002909998,0.13533037950298593,0.7242622207880138,2.1800329441429316,0.9411235423952187,0.9906639004149378,0.006730769230769231,0.9839331311841686,4.823331246932009,0.9996314678395604,0.25967091039615475,0.986,0.014,10.0,4,0.9897023619533993,-0.005769230769230749,0.994,-0.008000000000000007
0.0,2,1.0,same,0.8595926002909998,0.13571566172221153,0.7238769385687883,2.1782631158481776,0.9393062782658158,0.9906639004149378,0.047115384615384615,0.9435485157995531,4.025501999913307,0.9872095305621317,0.2196715772307648,0.964,0.036,10.0,4,0.9897023619533993,-0.04615384615384621,0.994,-0.030000000000000027
0.0,1,1.0,same,0.8595926002909998,0.129743787324215,0.7298488129667848,2.2060938735889795,0.9395953356646998,0.9906639004149378,0.10480769230769231,0.8858562081072455,3.6066352003460587,0.9543280497037723,0.1560073951404607,0.984,0.016,10.0,4,0.9897023619533993,-0.10384615384615381,0.994,-0.010000000000000009
0.0,10,1.0,different,0.9196632716690917,0.071566172221152,0.8480970994479397,2.867035661571288,0.9794079050148414,0.9927385892116183,0.0009615384615384616,0.9917770507500798,5.545926539905033,1.0,0.14367995130214017,0.997,0.003,10.0,4,0.9917770507500798,0.0,0.997,0.0
0.0,5,1.0,different,0.9196632716690917,0.0802350221537276,0.8394282495153641,2.8063026010397145,0.9760432464478708,0.9927385892116183,0.006730769230769231,0.9860078199808491,4.915384483440014,0.9998618004398351,0.14657957046548498,0.989,0.011,10.0,4,0.9917770507500798,-0.005769230769230749,0.997,-0.008000000000000007
0.0,2,1.0,different,0.9196632716690917,0.10816798304758235,0.8114952886215093,2.639140046515503,0.9671221644054014,0.9927385892116183,0.05096153846153846,0.9417770507500798,4.079665916409214,0.9898052788226198,0.13028176212857046,0.987,0.013,10.0,4,0.9917770507500798,-0.050000000000000044,0.997,-0.010000000000000009
0.0,1,1.0,different,0.9196632716690917,0.129743787324215,0.7899194843448767,2.5304132647879616,0.9579830875784633,0.9927385892116183,0.10480769230769231,0.887930896903926,3.6986884368540633,0.9672527129174529,0.09801141255904933,0.985,0.015,10.0,4,0.9917770507500798,-0.10384615384615381,0.997,-0.01200000000000001
0.0,10,1.0,independent,0.9219496986073581,0.07657484107108457,0.8453748575362735,2.8468030214006586,0.9783649189429536,0.9968879668049793,0.0009615384615384616,0.9959264283434408,5.83759928163521,1.0,0.1505515708071673,0.999,0.001,10.0,4,0.9959264283434408,0.0,0.999,0.0
0.0,5,1.0,independent,0.9219496986073581,0.07561163552302061,0.8463380630843375,2.8535329081385736,0.9787383381603035,0.9968879668049793,0.0009615384615384616,0.9959264283434408,5.83759928163521,1.0,0.14958836525910335,0.999,0.001,10.0,4,0.9959264283434408,0.0,0.999,0.0
0.0,2,1.0,independent,0.9219496986073581,0.08331727990753227,0.8386324186998259,2.801407733418663,0.977957330385076,0.9968879668049793,0.006730769230769231,0.9901571975742101,5.207057225170191,0.999953933479945,0.1515247788743842,0.994,0.006,10.0,4,0.9959264283434408,-0.005769230769230749,0.999,-0.0050000000000000044
0.0,1,1.0,independent,0.9219496986073581,0.08100558659217877,0.8409441120151793,2.816648283148629,0.9784414294240884,0.9968879668049793,0.022115384615384617,0.9747725821895946,4.747634699117414,0.9993550687192305,0.13382847017441535,0.991,0.009,10.0,4,0.9959264283434408,-0.02115384615384619,0.999,-0.008000000000000007
0.3,10,0.0,same,0.7581583870297236,0.23396262762473513,0.5241957594049884,1.4262498183332095,0.8441674978669198,0.9346473029045643,0.010576923076923078,0.9240703798276413,3.8165533824628586,0.9932983227780916,0.39987462042265287,0.952,0.048,0.0,4,0.9240703798276413,0.0,0.952,0.0
0.3,5,0.0,same,0.7581583870297236,0.23184357541899442,0.5263148116107292,1.4331798549549257,0.8459292418251956,0.9346473029045643,0.04326923076923077,0.8913780721353336,3.225273065193199,0.9857694510873701,0.36506326052460436,0.941,0.059,0.0,4,0.9240703798276413,-0.03269230769230769,0.952,-0.01100000000000001
0.3,2,0.0,same,0.7581583870297236,0.2408977075707956,0.5172606794589281,1.4038086895922377,0.8414829013094909,0.9346473029045643,0.1125,0.8221473029045643,2.7246656955575133,0.9473659964989445,0.3048866234456362,0.92,0.08,0.0,4,0.9240703798276413,-0.101923076923077,0.952,-0.03199999999999992
0.3,1,0.0,same,0.7581583870297236,0.23299942207667115,0.5251589649530525,1.429395494210852,0.8436008796702439,0.9346473029045643,0.1798076923076923,0.754839610596872,2.4274242867907745,0.8961260059525955,0.22968064564381951,0.954,0.046,0.0,4,0.9240703798276413,-0.1692307692307693,0.952,0.0020000000000000018
0.3,10,0.0,different,0.7581583870297236,0.23396262762473513,0.5241957594049884,1.4262498183332095,0.8441674978669198,0.9346473029045643,0.010576923076923078,0.9240703798276413,3.8165533824628586,0.9932983227780916,0.39987462042265287,0.952,0.048,0.0,4,0.9240703798276413,0.0,0.952,0.0
0.3,5,0.0,different,0.7581583870297236,0.23184357541899442,0.5263148116107292,1.4331798549549257,0.8459292418251956,0.9346473029045643,0.04326923076923077,0.8913780721353336,3.225273065193199,0.9857694510873701,0.36506326052460436,0.941,0.059,0.0,4,0.9240703798276413,-0.03269230769230769,0.952,-0.01100000000000001
0.3,2,0.0,different,0.7581583870297236,0.2408977075707956,0.5172606794589281,1.4038086895922377,0.8414829013094909,0.9346473029045643,0.1125,0.8221473029045643,2.7246656955575133,0.9473659964989445,0.3048866234456362,0.92,0.08,0.0,4,0.9240703798276413,-0.101923076923077,0.952,-0.03199999999999992
0.3,1,0.0,different,0.7581583870297236,0.23299942207667115,0.5251589649530525,1.429395494210852,0.8436008796702439,0.9346473029045643,0.1798076923076923,0.754839610596872,2.4274242867907745,0.8961260059525955,0.22968064564381951,0.954,0.046,0.0,4,0.9240703798276413,-0.1692307692307693,0.952,0.0020000000000000018
0.3,10,0.0,independent,0.7581583870297236,0.23396262762473513,0.5241957594049884,1.4262498183332095,0.8441674978669198,0.9346473029045643,0.010576923076923078,0.9240703798276413,3.8165533824628586,0.9932983227780916,0.39987462042265287,0.952,0.048,0.0,4,0.9240703798276413,0.0,0.952,0.0
0.3,5,0.0,independent,0.7581583870297236,0.23184357541899442,0.5263148116107292,1.4331798549549257,0.8459292418251956,0.9346473029045643,0.04326923076923077,0.8913780721353336,3.225273065193199,0.9857694510873701,0.36506326052460436,0.941,0.059,0.0,4,0.9240703798276413,-0.03269230769230769,0.952,-0.01100000000000001
0.3,2,0.0,independent,0.7581583870297236,0.2408977075707956,0.5172606794589281,1.4038086895922377,0.8414829013094909,0.9346473029045643,0.1125,0.8221473029045643,2.7246656955575133,0.9473659964989445,0.3048866234456362,0.92,0.08,0.0,4,0.9240703798276413,-0.101923076923077,0.952,-0.03199999999999992
0.3,1,0.0,independent,0.7581583870297236,0.23299942207667115,0.5251589649530525,1.429395494210852,0.8436008796702439,0.9346473029045643,0.1798076923076923,0.754839610596872,2.4274242867907745,0.8961260059525955,0.22968064564381951,0.954,0.046,0.0,4,0.9240703798276413,-0.1692307692307693,0.952,0.0020000000000000018
0.3,10,0.5,same,0.7731240906256496,0.2274128298979002,0.5457112607277493,1.4965690375337548,0.8538736335268127,0.9491701244813278,0.006730769230769231,0.9424393552505586,4.108179654908689,0.9966050977611671,0.3967280945228092,0.959,0.041,4.982,4,0.9424393552505586,0.0,0.959,0.0
0.3,5,0.5,same,0.7731240906256496,0.22375264881525717,0.5493714418103924,1.5087554971243304,0.8556004069876902,0.9491701244813278,0.047115384615384615,0.9020547398659431,3.3103504078899864,0.9910410632953985,0.35268329805555065,0.959,0.041,4.982,4,0.9424393552505586,-0.04038461538461546,0.959,0.0
0.3,2,0.5,same,0.7731240906256496,0.23088036987093047,0.542243720754719,1.4851254976521684,0.8518170638401852,0.9491701244813278,0.10673076923076923,0.8424393552505586,2.8809631999567187,0.9536771097464739,0.3001956344958395,0.927,0.073,4.982,4,0.9424393552505586,-0.09999999999999998,0.959,-0.03199999999999992
0.3,1,0.5,same,0.7731240906256496,0.22587170102099788,0.5472523896046517,1.5016865521604585,0.8536206281871022,0.9491701244813278,0.1778846153846154,0.7712855090967123,2.560316624816304,0.8890537936780711,0.22403311949206062,0.964,0.036,4.982,4,0.9424393552505586,-0.1711538461538462,0.959,0.0050000000000000044
0.3,10,0.5,different,0.8005612138848472,0.19293007127721057,0.6076311426076366,1.7107769613162866,0.8819800191476492,0.9470954356846473,0.004807692307692308,0.942287743376955,4.206682830196716,0.99624057138508,0.33465660076931836,0.96,0.04,4.982,4,0.942287743376955,0.0,0.96,0.0
0.3,5,0.5,different,0.8005612138848472,0.1967828934694664,0.6037783204153808,1.6967961837836656,0.8811190158589003,0.9470954356846473,0.04519230769230769,0.9019031279923396,3.3106927888296123,0.9893766598968912,0.2981248075769588,0.958,0.042,4.982,4,0.942287743376955,-0.04038461538461535,0.96,-0.0020000000000000018
0.3,2,0.5,different,0.8005612138848472,0.21354267000577923,0.587018543879068,1.637816658229048,0.8724314309863442,0.9470954356846473,0.1125,0.8345954356846472,2.8306600659808363,0.9522690765465331,0.24757689180557918,0.953,0.047,4.982,4,0.942287743376955,-0.10769230769230775,0.96,-0.007000000000000006
0.3,1,0.5,different,0.8005612138848472,0.22587170102099788,0.5746895128638494,1.5961392265326708,0.8664652157715742,0.9470954356846473,0.1778846153846154,0.7692108203000319,2.5407771906750094,0.8980908431775484,0.19452130743618246,0.965,0.035,4.982,4,0.942287743376955,-0.17307692307692313,0.96,0.0050000000000000044
0.3,10,0.5,independent,0.8059654957389316,0.19293007127721057,0.6130354244617211,1.7302739442981312,0.8826753431955744,0.9782157676348547,0.0028846153846153848,0.9753311522502394,4.7788358325156555,0.9990346059710221,0.36229572778851826,0.986,0.014,4.982,4,0.9753311522502394,0.0,0.986,0.0
0.3,5,0.5,independent,0.8059654957389316,0.19023309574263148,0.6157323999963001,1.7401621632975015,0.8836192662204223,0.9782157676348547,0.014423076923076924,0.9637926907117779,4.203801577239261,0.9976425959084919,0.3480602907154777,0.976,0.024,4.982,4,0.9753311522502394,-0.011538461538461497,0.986,-0.010000000000000009
0.3,2,0.5,independent,0.8059654957389316,0.19947986900404546,0.6064856267348862,1.7066050707607798,0.8817628655778945,0.9782157676348547,0.07019230769230769,0.9080234599425471,3.4925792081847344,0.984928236373323,0.3015378332076609,0.962,0.038,4.982,4,0.9753311522502394,-0.06730769230769229,0.986,-0.02400000000000002
0.3,1,0.5,independent,0.8059654957389316,0.18792140242727798,0.6180440933116537,1.7487065369572155,0.8827374729108833,0.9782157676348547,0.10865384615384616,0.8695619214810086,3.2519377739837037,0.9612420334963687,0.251517828169355,0.971,0.029,4.982,4,0.9753311522502394,-0.10576923076923073,0.986,-0.015000000000000013
0.3,10,1.0,same,0.7764498025358554,0.2206703910614525,0.5557794114744029,1.5301890484275291,0.8628719070337567,0.9553941908713693,0.004807692307692308,0.950586498563677,4.288933550318725,0.9985759436626489,0.39480708708927414,0.968,0.032,10.0,4,0.950586498563677,0.0,0.968,0.0
0.3,5,1.0,same,0.7764498025358554,0.21508379888268156,0.5613660036531738,1.5491628675457174,0.8640240907870965,0.9553941908713693,0.041346153846153845,0.9140480370252155,3.4348450337561633,0.9934385252304327,0.35268203337204174,0.962,0.038,10.0,4,0.950586498563677,-0.03653846153846152,0.968,-0.006000000000000005
0.3,2,1.0,same,0.7764498025358554,0.21720285108842227,0.5592469514474331,1.5419328001137036,0.8605572446612909,0.9553941908713693,0.09711538461538462,0.8582788062559847,2.9977357941369984,0.9573764515961047,0.29903185480855166,0.923,0.077,10.0,4,0.950586498563677,-0.09230769230769231,0.968,-0.04499999999999993
0.3,1,1.0,same,0.7764498025358554,0.21508379888268156,0.5613660036531738,1.5491628675457174,0.8624919984457556,0.9553941908713693,0.17211538461538461,0.7832788062559848,2.645410048088287,0.8837200918125774,0.221912802602811,0.963,0.037,10.0,4,0.950586498563677,-0.16730769230769227,0.968,-0.0050000000000000044
0.3,10,1.0,different,0.8327790480149657,0.156520901560393,0.6762581464545727,1.9740654313487296,0.9233424665216573,0.9595435684647303,0.008653846153846154,0.9508897223108842,4.125519094611457,0.9975564715449109,0.2746315758563115,0.976,0.024,10.0,4,0.9508897223108842,0.0,0.976,0.0
0.3,5,1.0,different,0.8327790480149657,0.16191485262955116,0.6708641953854145,1.9518239615694077,0.918782241556808,0.9595435684647303,0.041346153846153845,0.9181974146185765,3.480687682600766,0.9926433770364406,0.24733321923316198,0.971,0.029,10.0,4,0.9508897223108842,-0.03269230769230769,0.976,-0.0050000000000000044
0.3,2,1.0,different,0.8327790480149657,0.18926989019456752,0.6435091578203982,1.8457954639400511,0.9027341881677142,0.9595435684647303,0.13173076923076923,0.8278127992339611,2.863660759726441,0.9546945789720356,0.18430364141356292,0.973,0.027,10.0,4,0.9508897223108842,-0.12307692307692308,0.976,-0.0030000000000000027
0.3,1,1.0,different,0.8327790480149657,0.21508379888268156,0.6176952491322841,1.7541103669616445,0.888533161885763,0.9595435684647303,0.17211538461538461,0.7874281838493458,2.6912526969328896,0.9034325566117474,0.16973293471706163,0.97,0.03,10.0,4,0.9508897223108842,-0.16346153846153844,0.976,-0.006000000000000005
0.3,10,1.0,independent,0.841301184784868,0.15902523598535928,0.6822759487995087,1.9982921198762225,0.9212255697226795,0.9823651452282157,0.0009615384615384616,0.9814036067666773,5.207110022552018,0.9999038611755374,0.29912765796716856,0.986,0.014,10.0,4,0.9814036067666773,0.0,0.986,0.0
0.3,5,1.0,independent,0.841301184784868,0.1540165671354267,0.6872846176494414,2.019177785976804,0.9219994071439158,0.9823651452282157,0.010576923076923078,0.9717882221512927,4.410475498205786,0.9994952711715718,0.2845036045018513,0.983,0.017,10.0,4,0.9814036067666773,-0.009615384615384581,0.986,-0.0030000000000000027
0.3,2,1.0,independent,0.841301184784868,0.16172221151993835,0.6795789732649297,1.987224399665544,0.9199940714391581,0.9823651452282157,0.022115384615384617,0.9602497606128311,4.117145440034221,0.9976466016928445,0.2806707873479014,0.967,0.033,10.0,4,0.9814036067666773,-0.02115384615384619,0.986,-0.019000000000000017
0.3,1,1.0,independent,0.841301184784868,0.15363128491620112,0.6876698998686669,2.0208028270490352,0.9213572398543497,0.9823651452282157,0.05673076923076923,0.9256343759974465,3.6880723924563545,0.9888939628824022,0.23796447612877958,0.978,0.022,10.0,4,0.9814036067666773,-0.05576923076923079,0.986,-0.008000000000000007
0.6,10,0.0,same,0.6565163167740594,0.33143902908880757,0.32507728768525185,0.8389170179367436,0.7211706904770488,0.7769709543568465,0.06826923076923076,0.7087017235876157,2.2508092064017102,0.9367106101210148,0.3836244359023639,0.868,0.132,0.0,4,0.7087017235876157,0.0,0.868,0.0
0.6,5,0.0,same,0.6565163167740594,0.32931997688306686,0.32719633989099256,0.844765668029015,0.7232934757790249,0.7769709543568465,0.12980769230769232,0.6471632620491542,1.8893038622748914,0.9085098882786744,0.31996692215816164,0.866,0.134,0.0,4,0.7087017235876157,-0.06153846153846154,0.868,-0.0020000000000000018
0.6,2,0.0,same,0.6565163167740594,0.3395299556925448,0.3169863610815146,0.8167202849414508,0.7165515804822163,0.7769709543568465,0.1951923076923077,0.5817786466645388,1.6209232756711822,0.8418716626809112,0.2647922855830242,0.861,0.139,0.0,4,0.7087017235876157,-0.12692307692307692,0.868,-0.007000000000000006
0.6,1,0.0,same,0.6565163167740594,0.33317279907532266,0.32334351769873676,0.8341428347245192,0.7210879710301675,0.7769709543568465,0.2701923076923077,0.5067786466645388,1.3742346867604103,0.7704725623800769,0.183435128965802,0.895,0.105,0.0,4,0.7087017235876157,-0.20192307692307698,0.868,0.027000000000000024
0.6,10,0.0,different,0.6565163167740594,0.33143902908880757,0.32507728768525185,0.8389170179367436,0.7211706904770488,0.7769709543568465,0.06826923076923076,0.7087017235876157,2.2508092064017102,0.9367106101210148,0.3836244359023639,0.868,0.132,0.0,4,0.7087017235876157,0.0,0.868,0.0
0.6,5,0.0,different,0.6565163167740594,0.32931997688306686,0.32719633989099256,0.844765668029015,0.7232934757790249,0.7769709543568465,0.12980769230769232,0.6471632620491542,1.8893038622748914,0.9085098882786744,0.31996692215816164,0.866,0.134,0.0,4,0.7087017235876157,-0.06153846153846154,0.868,-0.0020000000000000018
0.6,2,0.0,different,0.6565163167740594,0.3395299556925448,0.3169863610815146,0.8167202849414508,0.7165515804822163,0.7769709543568465,0.1951923076923077,0.5817786466645388,1.6209232756711822,0.8418716626809112,0.2647922855830242,0.861,0.139,0.0,4,0.7087017235876157,-0.12692307692307692,0.868,-0.007000000000000006
0.6,1,0.0,different,0.6565163167740594,0.33317279907532266,0.32334351769873676,0.8341428347245192,0.7210879710301675,0.7769709543568465,0.2701923076923077,0.5067786466645388,1.3742346867604103,0.7704725623800769,0.183435128965802,0.895,0.105,0.0,4,0.7087017235876157,-0.20192307692307698,0.868,0.027000000000000024
0.6,10,0.0,independent,0.6565163167740594,0.33143902908880757,0.32507728768525185,0.8389170179367436,0.7211706904770488,0.7769709543568465,0.06826923076923076,0.7087017235876157,2.2508092064017102,0.9367106101210148,0.3836244359023639,0.868,0.132,0.0,4,0.7087017235876157,0.0,0.868,0.0
0.6,5,0.0,independent,0.6565163167740594,0.32931997688306686,0.32719633989099256,0.844765668029015,0.7232934757790249,0.7769709543568465,0.12980769230769232,0.6471632620491542,1.8893038622748914,0.9085098882786744,0.31996692215816164,0.866,0.134,0.0,4,0.7087017235876157,-0.06153846153846154,0.868,-0.0020000000000000018
0.6,2,0.0,independent,0.6565163167740594,0.3395299556925448,0.3169863610815146,0.8167202849414508,0.7165515804822163,0.7769709543568465,0.1951923076923077,0.5817786466645388,1.6209232756711822,0.8418716626809112,0.2647922855830242,0.861,0.139,0.0,4,0.7087017235876157,-0.12692307692307692,0.868,-0.007000000000000006
0.6,1,0.0,independent,0.6565163167740594,0.33317279907532266,0.32334351769873676,0.8341428347245192,0.7210879710301675,0.7769709543568465,0.2701923076923077,0.5067786466645388,1.3742346867604103,0.7704725623800769,0.183435128965802,0.895,0.105,0.0,4,0.7087017235876157,-0.20192307692307698,0.868,0.027000000000000024
0.6,10,0.5,same,0.6592184577011017,0.3258524369100366,0.33336602079106503,0.8617261127488105,0.7290671729978089,0.774896265560166,0.07019230769230769,0.7047039578678583,2.229429460067875,0.9375938855707642,0.3713379370767933,0.865,0.135,4.982,4,0.7047039578678583,0.0,0.865,0.0
0.6,5,0.5,same,0.6592184577011017,0.32122905027932963,0.337989407421772,0.8745958107322236,0.7310583682838018,0.774896265560166,0.12211538461538461,0.6527808809447814,1.919546163719004,0.9145385937293452,0.31479147352300935,0.873,0.127,4.982,4,0.7047039578678583,-0.05192307692307696,0.865,0.008000000000000007
0.6,2,0.5,same,0.6592184577011017,0.334713927952225,0.32450452974887667,0.8372644699218905,0.7247196952399264,0.774896265560166,0.1951923076923077,0.5797039578678583,1.6139892598428371,0.8426688137670797,0.25519942811898166,0.858,0.142,4.982,4,0.7047039578678583,-0.125,0.865,-0.007000000000000006
0.6,1,0.5,same,0.6592184577011017,0.32662300134848776,0.3325954563526139,0.8595884703675168,0.7290283168895886,0.774896265560166,0.28942307692307695,0.48547318863708905,1.3101401071370775,0.7634283905960206,0.15287773228447515,0.91,0.09,4.982,4,0.7047039578678583,-0.21923076923076928,0.865,0.04500000000000004
0.6,10,0.5,different,0.6879027229266265,0.29926796378347137,0.3886347591431551,1.0164213744577353,0.755545567799903,0.783195020746888,0.05673076923076923,0.7264642515161187,2.365853414836762,0.9483554252340379,0.3378294923729636,0.877,0.123,4.982,4,0.7264642515161187,0.0,0.877,0.0
0.6,5,0.5,different,0.6879027229266265,0.30196493931805046,0.385937783608576,1.008671756277732,0.754815233196736,0.783195020746888,0.11057692307692307,0.6726180976699649,2.0064949257103204,0.9197521220642608,0.28668031406138894,0.868,0.132,4.982,4,0.7264642515161187,-0.053846153846153766,0.877,-0.009000000000000008
0.6,2,0.5,different,0.6879027229266265,0.3210364091697168,0.36686631375690965,0.9547168952852734,0.7445280184586544,0.783195020746888,0.20865384615384616,0.5745411745930418,1.5941301751974035,0.8488257043170337,0.20767486083613212,0.888,0.112,4.982,4,0.7264642515161187,-0.15192307692307694,0.877,0.01100000000000001
0.6,1,0.5,different,0.6879027229266265,0.32662300134848776,0.3612797215781387,0.9391716599996878,0.7412664287230761,0.783195020746888,0.28942307692307695,0.493771943823811,1.3381001291282297,0.7778171679905784,0.1324922222456723,0.91,0.09,4.982,4,0.7264642515161187,-0.2326923076923077,0.877,0.03300000000000003
0.6,10,0.5,independent,0.6849927250051965,0.30235022153727603,0.38264250346792045,0.9993593030732435,0.7559729449324825,0.808091286307054,0.041346153846153845,0.7667451324609001,2.606157991834963,0.9612560537416028,0.3841026289929797,0.881,0.119,4.982,4,0.7667451324609001,0.0,0.881,0.0
0.6,5,0.5,independent,0.6849927250051965,0.30485455596224237,0.3801381690429541,0.9921950950887678,0.7566680286333466,0.808091286307054,0.08365384615384615,0.7244374401532078,2.2517906829001735,0.9466069003641258,0.34429927111025366,0.882,0.118,4.982,4,0.7667451324609001,-0.04230769230769238,0.881,0.0010000000000000009
0.6,2,0.5,independent,0.6849927250051965,0.31121171257946445,0.37378101242573203,0.9741250098885044,0.7526074451507978,0.808091286307054,0.14903846153846154,0.6590528247685924,1.911450325795621,0.896420431102512,0.28527181234286036,0.886,0.114,4.982,4,0.7667451324609001,-0.10769230769230775,0.881,0.0050000000000000044
0.6,1,0.5,independent,0.6849927250051965,0.3035060681949528,0.3814866568102437,0.9960494660324201,0.7558558558558559,0.808091286307054,0.2221153846153846,0.5859759016916694,1.635952599441712,0.8448800067297177,0.20448924488142567,0.908,0.092,4.982,4,0.7667451324609001,-0.1807692307692308,0.881,0.027000000000000024
0.6,10,1.0,same,0.6602577426730409,0.3241186669235215,0.33613907574951946,0.8693789405283604,0.7353962722170815,0.774896265560166,0.0625,0.712396265560166,2.289189733553724,0.943252055968819,0.37625718981064654,0.854,0.146,10.0,4,0.712396265560166,0.0,0.854,0.0
0.6,5,1.0,same,0.6602577426730409,0.31564245810055863,0.3446152845724823,0.8930857622653918,0.7372937321492234,0.774896265560166,0.12788461538461537,0.6470116501755506,1.8915169164890504,0.9171864171864171,0.3023963656030683,0.87,0.13,10.0,4,0.712396265560166,-0.06538461538461537,0.854,0.016000000000000014
0.6,2,1.0,same,0.6602577426730409,0.32989790021190524,0.3303598424611357,0.8533617688427788,0.7317239694118307,0.774896265560166,0.19326923076923078,0.5816270347909352,1.6209811169419928,0.8392719086360705,0.25126719232979955,0.837,0.163,10.0,4,0.712396265560166,-0.13076923076923075,0.854,-0.017000000000000015
0.6,1,1.0,same,0.6602577426730409,0.32508187247158543,0.3351758702014555,0.8667013822801423,0.7360591894695941,0.774896265560166,0.28942307692307695,0.48547318863708905,1.3101401071370775,0.7531054843193572,0.15029731843563354,0.904,0.096,10.0,4,0.712396265560166,-0.22692307692307695,0.854,0.050000000000000044
0.6,10,1.0,different,0.715547703180212,0.2748025428626469,0.4407451603175651,1.168017501485932,0.7941636923717849,0.8226141078838174,0.07211538461538461,0.7504987232684328,2.3855890763299046,0.9510072544754625,0.3097535629508677,0.914,0.086,10.0,4,0.7504987232684328,0.0,0.914,0.0
0.6,5,1.0,different,0.715547703180212,0.2794259294933539,0.4361217736868581,1.1542132359320347,0.7907963499292979,0.8226141078838174,0.12788461538461537,0.694729492499202,2.0618209851814226,0.9211962073233749,0.2586077188123439,0.906,0.094,10.0,4,0.7504987232684328,-0.05576923076923079,0.914,-0.008000000000000007
0.6,2,1.0,different,0.715547703180212,0.299653246002697,0.415894457177515,1.0950635745515194,0.772581647899567,0.8226141078838174,0.22596153846153846,0.596652569422279,1.6775860917741863,0.8496188496188496,0.18075811224476396,0.929,0.071,10.0,4,0.7504987232684328,-0.15384615384615385,0.914,0.015000000000000013
0.6,1,1.0,different,0.715547703180212,0.32508187247158543,0.39046583070862656,1.0232002247501515,0.760284570920409,0.8226141078838174,0.28942307692307695,0.5331910309607404,1.4804441758294495,0.7789568136388946,0.14272520025211383,0.937,0.063,10.0,4,0.7504987232684328,-0.21730769230769242,0.914,0.02300000000000002
0.6,10,1.0,independent,0.7101434213261276,0.2828934694663841,0.4272499518597435,1.1280710483924106,0.791167806312315,0.8786307053941909,0.03173076923076923,0.8468999361634216,3.024113046605842,0.9772511506615553,0.4196499843036781,0.916,0.084,10.0,4,0.8468999361634216,0.0,0.916,0.0
0.6,5,1.0,independent,0.7101434213261276,0.2861683683298016,0.42397505299632604,1.1184171742198568,0.7921714555818602,0.8786307053941909,0.04903846153846154,0.8295922438557293,2.8224180694269494,0.9710902543272485,0.40561719085940323,0.91,0.09,10.0,4,0.8468999361634216,-0.017307692307692357,0.916,-0.006000000000000005
0.6,2,1.0,independent,0.7101434213261276,0.28597572722018877,0.42416769410593885,1.1189835861256705,0.7886630294144745,0.8786307053941909,0.10480769230769231,0.7738230130864986,2.4227927630104,0.942100392967445,0.34965531898055974,0.914,0.086,10.0,4,0.8468999361634216,-0.07307692307692304,0.916,-0.0020000000000000018
0.6,1,1.0,independent,0.7101434213261276,0.2836640339048353,0.4264793874212923,1.1257947623336237,0.7911614771730379,0.8786307053941909,0.1701923076923077,0.7084383977018831,2.1215746121472,0.9078309078309078,0.2819590102805908,0.925,0.075,10.0,4,0.8468999361634216,-0.13846153846153852,0.916,0.009000000000000008
0.9,10,0.0,same,0.5403242569112451,0.4447120015411289,0.0956122553701162,0.24028374258311105,0.5641670171727975,0.49066390041493774,0.24519230769230768,0.24547159272263006,0.666292950875886,0.6678704048646246,0.14985933735251386,0.776,0.224,0.0,4,0.24547159272263006,0.0,0.776,0.0
0.9,5,0.0,same,0.5403242569112451,0.4416297437873242,0.09869451312392086,0.24808916525525024,0.5657188980888402,0.49066390041493774,0.30096153846153845,0.1897023619533993,0.4982327605780094,0.6525082218723838,0.09100784882947843,0.796,0.204,0.0,4,0.24547159272263006,-0.055769230769230765,0.776,0.020000000000000018
0.9,2,0.0,same,0.5403242569112451,0.4533808514737045,0.08694340543754059,0.21837476689035845,0.5578194112298158,0.49066390041493774,0.3375,0.15316390041493771,0.39589148536963636,0.613349676933492,0.06622049497739713,0.798,0.202,0.0,4,0.24547159272263006,-0.09230769230769234,0.776,0.02200000000000002
0.9,1,0.0,same,0.5403242569112451,0.4435561548834521,0.09676810202779296,0.2432097580003457,0.5645881452817869,0.49066390041493774,0.4048076923076923,0.08585620810724542,0.21751797247407512,0.5909353105884898,-0.010911893920547533,0.866,0.134,0.0,4,0.24547159272263006,-0.15961538461538463,0.776,0.08999999999999997
0.9,10,0.0,different,0.5403242569112451,0.4447120015411289,0.0956122553701162,0.24028374258311105,0.5641670171727975,0.49066390041493774,0.24519230769230768,0.24547159272263006,0.666292950875886,0.6678704048646246,0.14985933735251386,0.776,0.224,0.0,4,0.24547159272263006,0.0,0.776,0.0
0.9,5,0.0,different,0.5403242569112451,0.4416297437873242,0.09869451312392086,0.24808916525525024,0.5657188980888402,0.49066390041493774,0.30096153846153845,0.1897023619533993,0.4982327605780094,0.6525082218723838,0.09100784882947843,0.796,0.204,0.0,4,0.24547159272263006,-0.055769230769230765,0.776,0.020000000000000018
0.9,2,0.0,different,0.5403242569112451,0.4533808514737045,0.08694340543754059,0.21837476689035845,0.5578194112298158,0.49066390041493774,0.3375,0.15316390041493771,0.39589148536963636,0.613349676933492,0.06622049497739713,0.798,0.202,0.0,4,0.24547159272263006,-0.09230769230769234,0.776,0.02200000000000002
0.9,1,0.0,different,0.5403242569112451,0.4435561548834521,0.09676810202779296,0.2432097580003457,0.5645881452817869,0.49066390041493774,0.4048076923076923,0.08585620810724542,0.21751797247407512,0.5909353105884898,-0.010911893920547533,0.866,0.134,0.0,4,0.24547159272263006,-0.15961538461538463,0.776,0.08999999999999997
0.9,10,0.0,independent,0.5403242569112451,0.4447120015411289,0.0956122553701162,0.24028374258311105,0.5641670171727975,0.49066390041493774,0.24519230769230768,0.24547159272263006,0.666292950875886,0.6678704048646246,0.14985933735251386,0.776,0.224,0.0,4,0.24547159272263006,0.0,0.776,0.0
0.9,5,0.0,independent,0.5403242569112451,0.4416297437873242,0.09869451312392086,0.24808916525525024,0.5657188980888402,0.49066390041493774,0.30096153846153845,0.1897023619533993,0.4982327605780094,0.6525082218723838,0.09100784882947843,0.796,0.204,0.0,4,0.24547159272263006,-0.055769230769230765,0.776,0.020000000000000018
0.9,2,0.0,independent,0.5403242569112451,0.4533808514737045,0.08694340543754059,0.21837476689035845,0.5578194112298158,0.49066390041493774,0.3375,0.15316390041493771,0.39589148536963636,0.613349676933492,0.06622049497739713,0.798,0.202,0.0,4,0.24547159272263006,-0.09230769230769234,0.776,0.02200000000000002
0.9,1,0.0,independent,0.5403242569112451,0.4435561548834521,0.09676810202779296,0.2432097580003457,0.5645881452817869,0.49066390041493774,0.4048076923076923,0.08585620810724542,0.21751797247407512,0.5909353105884898,-0.010911893920547533,0.866,0.134,0.0,4,0.24547159272263006,-0.15961538461538463,0.776,0.08999999999999997
0.9,10,0.5,same,0.5365828310122636,0.447408977075708,0.08917385393655558,0.22403875253751476,0.5662964120189554,0.4699170124481328,0.2528846153846154,0.2170323970635174,0.5899613350151346,0.6529228205528783,0.12785854312696182,0.767,0.233,4.982,4,0.2170323970635174,0.0,0.767,0.0
0.9,5,0.5,same,0.5365828310122636,0.4422076671161626,0.09437516389610096,0.2372027781513709,0.5677406575094437,0.4699170124481328,0.29903846153846153,0.17087855090967125,0.4516895349632466,0.6411638405858059,0.07650338701357029,0.791,0.209,4.982,4,0.2170323970635174,-0.046153846153846156,0.767,0.02400000000000002
0.9,2,0.5,same,0.5365828310122636,0.45646310922750916,0.0801197217847544,0.2011767773268064,0.5596179282884485,0.4699170124481328,0.33942307692307694,0.13049393552505584,0.3385596961205943,0.5992513189044981,0.05037421374030143,0.787,0.213,4.982,4,0.2170323970635174,-0.08653846153846156,0.767,0.020000000000000018
0.9,1,0.5,same,0.5365828310122636,0.4460604893084184,0.09052234170384515,0.22744935685805942,0.5664168258965947,0.4699170124481328,0.40673076923076923,0.06318624321736355,0.16048432461155454,0.580808687745104,-0.027336098486481608,0.863,0.137,4.982,4,0.2170323970635174,-0.15384615384615385,0.767,0.09599999999999997
0.9,10,0.5,different,0.546352109748493,0.4416297437873242,0.1047223659611688,0.26328867415769,0.5758558157980124,0.49066390041493774,0.26634615384615384,0.2243177465687839,0.6004971827828152,0.658222473251375,0.1195953806076151,0.8,0.2,4.982,4,0.2243177465687839,0.0,0.8,0.0
0.9,5,0.5,different,0.546352109748493,0.43854748603351956,0.10780462371497346,0.27110305331361273,0.5760599105107775,0.49066390041493774,0.32596153846153847,0.16470236195339927,0.4276879631505162,0.6455962409719636,0.05689773823842581,0.822,0.178,4.982,4,0.2243177465687839,-0.059615384615384626,0.8,0.02199999999999991
0.9,2,0.5,different,0.546352109748493,0.4479869004045463,0.09836520934394671,0.24719924993790693,0.5680502245242129,0.49066390041493774,0.37596153846153846,0.11470236195339928,0.29270038293611583,0.6096182888090402,0.016337152609452565,0.842,0.158,4.982,4,0.2243177465687839,-0.10961538461538461,0.8,0.041999999999999926
0.9,1,0.5,different,0.546352109748493,0.4460604893084184,0.10029162044007461,0.2520710688578935,0.5719899935506871,0.49066390041493774,0.40673076923076923,0.08393313118416851,0.21255852972940645,0.585713770684869,-0.016358489255906106,0.875,0.125,4.982,4,0.2243177465687839,-0.14038461538461539,0.8,0.07499999999999996
0.9,10,0.5,independent,0.5484306796923717,0.44047389712964746,0.10795678256272423,0.27146526601749177,0.5758685141344101,0.5031120331950207,0.22788461538461538,0.2752274178104054,0.7536322532201465,0.6886484083015875,0.16727063524768115,0.772,0.228,4.982,4,0.2752274178104054,0.0,0.772,0.0
0.9,5,0.5,independent,0.5484306796923717,0.4422076671161626,0.10622301257620909,0.26707176612411127,0.5758729605550414,0.5031120331950207,0.2759615384615385,0.22715049473348226,0.6026817021799191,0.6705142225373439,0.12092748215727317,0.781,0.219,4.982,4,0.2752274178104054,-0.04807692307692313,0.772,0.009000000000000008
0.9,2,0.5,independent,0.5484306796923717,0.4485648237333847,0.099865855958987,0.25098559042685803,0.5704120750363525,0.5031120331950207,0.33557692307692305,0.16753511011809769,0.4323657426316759,0.6367815125040559,0.06766925415911068,0.812,0.188,4.982,4,0.2752274178104054,-0.1076923076923077,0.772,0.040000000000000036
0.9,1,0.5,independent,0.5484306796923717,0.44509728376035446,0.10333339593201724,0.2597554546831108,0.5753726781472446,0.5031120331950207,0.3971153846153846,0.10599664857963614,0.26862150415514846,0.604492887729882,0.002663252647618908,0.847,0.153,4.982,4,0.2752274178104054,-0.16923076923076924,0.772,0.07499999999999996
0.9,10,1.0,same,0.539077114944918,0.44586784819880565,0.0932092667461123,0.23421722511714083,0.5661729136873646,0.47406639004149376,0.2567307692307692,0.21733562081072455,0.5884054828095098,0.6584387856064157,0.12412635406461225,0.766,0.234,10.0,4,0.21733562081072455,0.0,0.766,0.0
0.9,5,1.0,same,0.539077114944918,0.43777692159506837,0.10130019334984958,0.25471690511767764,0.5679485176595003,0.47406639004149376,0.29903846153846153,0.17502792850303223,0.4621162365888685,0.649690152580326,0.07372773515318265,0.79,0.21,10.0,4,0.21733562081072455,-0.042307692307692324,0.766,0.02400000000000002
0.9,2,1.0,same,0.539077114944918,0.45434405702176844,0.0847330579231495,0.2128024030028864,0.5607787244781465,0.47406639004149376,0.32403846153846155,0.1500279285030322,0.3913836170101612,0.6008656499985979,0.0652948705798827,0.764,0.236,10.0,4,0.21733562081072455,-0.06730769230769235,0.766,-0.0020000000000000018
0.9,1,1.0,same,0.539077114944918,0.4433635137738393,0.09571360117107863,0.2405558528364854,0.5675477789928657,0.47406639004149376,0.42596153846153845,0.04810485157995531,0.12161351290111055,0.5760277841202697,-0.04760874959112332,0.86,0.14,10.0,4,0.21733562081072455,-0.16923076923076924,0.766,0.09399999999999997
0.9,10,1.0,different,0.5534192475576803,0.43045655942978234,0.12296268812789801,0.30951678632505586,0.5859229527437619,0.5114107883817427,0.2798076923076923,0.23160309607405039,0.6120193928311632,0.6656071367054026,0.10864040794615237,0.813,0.187,10.0,4,0.23160309607405039,0.0,0.813,0.0
0.9,5,1.0,different,0.5534192475576803,0.4235214794837218,0.12989776807395853,0.3271976221356577,0.5860800996639147,0.5114107883817427,0.31634615384615383,0.19506463453558887,0.5065473527602258,0.6552682072913287,0.06516686646163034,0.843,0.157,10.0,4,0.23160309607405039,-0.03653846153846152,0.813,0.030000000000000027
0.9,2,1.0,different,0.5534192475576803,0.4406665382392603,0.11275270931842007,0.2835843848501869,0.5748165551055725,0.5114107883817427,0.3875,0.12391078838174269,0.31444738079986084,0.6110844058820938,0.011158079063322612,0.875,0.125,10.0,4,0.23160309607405039,-0.1076923076923077,0.813,0.062000000000000055
0.9,1,1.0,different,0.5534192475576803,0.4433635137738393,0.11005573378384104,0.2767517563428787,0.5760225766006113,0.5114107883817427,0.42596153846153845,0.08544924992020425,0.21527178998379545,0.5840113123350118,-0.024606483863636786,0.89,0.11,10.0,4,0.23160309607405039,-0.14615384615384613,0.813,0.07700000000000007
0.9,10,1.0,independent,0.5652670962377884,0.4398959738008091,0.1253711224369793,0.31557002566032,0.5833036504712805,0.5570539419087137,0.22788461538461538,0.32916932652409836,0.8893355095731067,0.7181530129507008,0.20379820408711907,0.784,0.216,10.0,4,0.32916932652409836,0.0,0.784,0.0
0.9,5,1.0,independent,0.5652670962377884,0.4393180504719707,0.12594904576581767,0.31703548881464627,0.5840006569486338,0.5570539419087137,0.24711538461538463,0.3099385572933291,0.827099320745563,0.7098510248799266,0.18398951152751142,0.79,0.21,10.0,4,0.32916932652409836,-0.019230769230769273,0.784,0.006000000000000005
0.9,2,1.0,independent,0.5652670962377884,0.4445193604315161,0.1207477358062723,0.30385773456512777,0.5795520331358481,0.5570539419087137,0.32211538461538464,0.23493855729332908,0.6052956542750454,0.6693485392907358,0.11419082148705678,0.814,0.186,10.0,4,0.32916932652409836,-0.09423076923076928,0.784,0.029999999999999916
0.9,1,1.0,independent,0.5652670962377884,0.44586784819880565,0.11939924803898272,0.3004453231026613,0.5833734312347029,0.5570539419087137,0.3605769230769231,0.19647701883179064,0.5004211747032523,0.6414162050000201,0.07707777079280792,0.838,0.162,10.0,4,0.32916932652409836,-0.13269230769230772,0.784,0.05399999999999994
